session_code,participant_id_in_session,participant_code,page_index,app_name,page_name,epoch_time_completed,round_number,timeout_happened,is_wait_page
b0qkdyda,1,cr6j5anp,0,,InitializeParticipant,1750868589,1,0,0
b0qkdyda,2,gt0izquj,0,,InitializeParticipant,1750868775,1,0,0
b0qkdyda,3,71dp2bd0,0,,InitializeParticipant,1750868783,1,0,0
b0qkdyda,4,yixku3ou,0,,InitializeParticipant,1750868787,1,0,0
b0qkdyda,3,71dp2bd0,1,presurvey,Introduction,1750868789,1,0,0
b0qkdyda,5,p7a8u6kq,0,,InitializeParticipant,1750868791,1,0,0
b0qkdyda,7,5q35091m,0,,InitializeParticipant,1750868793,1,0,0
b0qkdyda,6,f6f7p7cw,0,,InitializeParticipant,1750868793,1,0,0
b0qkdyda,2,gt0izquj,1,presurvey,Introduction,1750868795,1,0,0
b0qkdyda,3,71dp2bd0,2,presurvey,Demographics,1750868800,1,0,0
b0qkdyda,2,gt0izquj,2,presurvey,Demographics,1750868803,1,0,0
b0qkdyda,8,vjvtw3jx,0,,InitializeParticipant,1750868806,1,0,0
b0qkdyda,5,p7a8u6kq,1,presurvey,Introduction,1750868806,1,0,0
b0qkdyda,4,yixku3ou,1,presurvey,Introduction,1750868810,1,0,0
b0qkdyda,8,vjvtw3jx,1,presurvey,Introduction,1750868813,1,0,0
b0qkdyda,9,kl6idv17,0,,InitializeParticipant,1750868816,1,0,0
b0qkdyda,3,71dp2bd0,3,presurvey,NeighborhoodInstruction,1750868817,1,0,0
b0qkdyda,4,yixku3ou,2,presurvey,Demographics,1750868817,1,0,0
b0qkdyda,2,gt0izquj,3,presurvey,NeighborhoodInstruction,1750868817,1,0,0
b0qkdyda,10,nubwjpv5,0,,InitializeParticipant,1750868819,1,0,0
b0qkdyda,11,fyvb4e3v,0,,InitializeParticipant,1750868820,1,0,0
b0qkdyda,9,kl6idv17,1,presurvey,Introduction,1750868821,1,0,0
b0qkdyda,4,yixku3ou,3,presurvey,NeighborhoodInstruction,1750868823,1,0,0
b0qkdyda,7,5q35091m,1,presurvey,Introduction,1750868825,1,0,0
b0qkdyda,11,fyvb4e3v,1,presurvey,Introduction,1750868829,1,0,0
b0qkdyda,4,yixku3ou,4,presurvey,Neighborhood,1750868830,1,0,0
b0qkdyda,3,71dp2bd0,4,presurvey,Neighborhood,1750868833,1,0,0
b0qkdyda,12,4nwaggaj,0,,InitializeParticipant,1750868834,1,0,0
b0qkdyda,7,5q35091m,2,presurvey,Demographics,1750868835,1,0,0
b0qkdyda,8,vjvtw3jx,2,presurvey,Demographics,1750868835,1,0,0
b0qkdyda,5,p7a8u6kq,2,presurvey,Demographics,1750868836,1,0,0
b0qkdyda,11,fyvb4e3v,2,presurvey,Demographics,1750868838,1,0,0
b0qkdyda,13,48hzjf3n,0,,InitializeParticipant,1750868839,1,0,0
b0qkdyda,8,vjvtw3jx,3,presurvey,NeighborhoodInstruction,1750868840,1,0,0
b0qkdyda,11,fyvb4e3v,3,presurvey,NeighborhoodInstruction,1750868842,1,0,0
b0qkdyda,7,5q35091m,3,presurvey,NeighborhoodInstruction,1750868843,1,0,0
b0qkdyda,14,nq7z60fi,0,,InitializeParticipant,1750868844,1,0,0
b0qkdyda,6,f6f7p7cw,1,presurvey,Introduction,1750868846,1,0,0
b0qkdyda,14,nq7z60fi,1,presurvey,Introduction,1750868850,1,0,0
b0qkdyda,12,4nwaggaj,1,presurvey,Introduction,1750868850,1,0,0
b0qkdyda,7,5q35091m,4,presurvey,Neighborhood,1750868857,1,0,0
b0qkdyda,13,48hzjf3n,1,presurvey,Introduction,1750868857,1,0,0
b0qkdyda,8,vjvtw3jx,4,presurvey,Neighborhood,1750868858,1,0,0
b0qkdyda,14,nq7z60fi,2,presurvey,Demographics,1750868858,1,0,0
b0qkdyda,4,yixku3ou,5,presurvey,Training,1750868860,1,0,0
b0qkdyda,9,kl6idv17,2,presurvey,Demographics,1750868861,1,0,0
b0qkdyda,12,4nwaggaj,2,presurvey,Demographics,1750868863,1,0,0
b0qkdyda,9,kl6idv17,3,presurvey,NeighborhoodInstruction,1750868864,1,0,0
b0qkdyda,2,gt0izquj,4,presurvey,Neighborhood,1750868866,1,0,0
b0qkdyda,3,71dp2bd0,5,presurvey,Training,1750868866,1,0,0
b0qkdyda,11,fyvb4e3v,4,presurvey,Neighborhood,1750868866,1,0,0
b0qkdyda,14,nq7z60fi,3,presurvey,NeighborhoodInstruction,1750868869,1,0,0
b0qkdyda,15,9ilvd9sg,0,,InitializeParticipant,1750868870,1,0,0
b0qkdyda,6,f6f7p7cw,2,presurvey,Demographics,1750868876,1,0,0
b0qkdyda,16,ctejg380,0,,InitializeParticipant,1750868881,1,0,0
b0qkdyda,12,4nwaggaj,3,presurvey,NeighborhoodInstruction,1750868884,1,0,0
b0qkdyda,17,pa1o0xg8,0,,InitializeParticipant,1750868887,1,0,0
b0qkdyda,14,nq7z60fi,4,presurvey,Neighborhood,1750868890,1,0,0
b0qkdyda,18,zh3yr0r0,0,,InitializeParticipant,1750868890,1,0,0
b0qkdyda,4,yixku3ou,6,presurvey,TrainingNeighbor_1,1750868891,1,0,0
b0qkdyda,19,hj893tt4,0,,InitializeParticipant,1750868893,1,0,0
b0qkdyda,6,f6f7p7cw,3,presurvey,NeighborhoodInstruction,1750868893,1,0,0
b0qkdyda,20,jvbhy0lp,0,,InitializeParticipant,1750868894,1,0,0
b0qkdyda,7,5q35091m,5,presurvey,Training,1750868896,1,0,0
b0qkdyda,16,ctejg380,1,presurvey,Introduction,1750868896,1,0,0
b0qkdyda,4,yixku3ou,7,presurvey,TrainingNeighbor_2,1750868901,1,0,0
b0qkdyda,5,p7a8u6kq,3,presurvey,NeighborhoodInstruction,1750868903,1,0,0
b0qkdyda,16,ctejg380,2,presurvey,Demographics,1750868904,1,0,0
b0qkdyda,18,zh3yr0r0,1,presurvey,Introduction,1750868904,1,0,0
b0qkdyda,3,71dp2bd0,6,presurvey,TrainingNeighbor_1,1750868906,1,0,0
b0qkdyda,4,yixku3ou,10,presurvey,ExperimentInstruction,1750868907,1,0,0
b0qkdyda,4,yixku3ou,11,presurvey,Neighborhood_1,1750868910,1,0,0
b0qkdyda,20,jvbhy0lp,1,presurvey,Introduction,1750868910,1,0,0
b0qkdyda,11,fyvb4e3v,5,presurvey,Training,1750868911,1,0,0
b0qkdyda,8,vjvtw3jx,5,presurvey,Training,1750868911,1,0,0
b0qkdyda,2,gt0izquj,5,presurvey,Training,1750868912,1,0,0
b0qkdyda,20,jvbhy0lp,2,presurvey,Demographics,1750868919,1,0,0
b0qkdyda,6,f6f7p7cw,4,presurvey,Neighborhood,1750868921,1,0,0
b0qkdyda,9,kl6idv17,4,presurvey,Neighborhood,1750868922,1,0,0
b0qkdyda,21,xunbr9hq,0,,InitializeParticipant,1750868923,1,0,0
b0qkdyda,14,nq7z60fi,5,presurvey,Training,1750868923,1,0,0
b0qkdyda,3,71dp2bd0,10,presurvey,ExperimentInstruction,1750868925,1,0,0
b0qkdyda,15,9ilvd9sg,1,presurvey,Introduction,1750868926,1,0,0
b0qkdyda,4,yixku3ou,12,presurvey,Scenario,1750868927,1,0,0
b0qkdyda,18,zh3yr0r0,2,presurvey,Demographics,1750868928,1,0,0
b0qkdyda,20,jvbhy0lp,3,presurvey,NeighborhoodInstruction,1750868929,1,0,0
b0qkdyda,11,fyvb4e3v,6,presurvey,TrainingNeighbor_1,1750868933,1,0,0
b0qkdyda,15,9ilvd9sg,2,presurvey,Demographics,1750868937,1,0,0
b0qkdyda,18,zh3yr0r0,3,presurvey,NeighborhoodInstruction,1750868938,1,0,0
b0qkdyda,3,71dp2bd0,11,presurvey,Neighborhood_1,1750868940,1,0,0
b0qkdyda,2,gt0izquj,6,presurvey,TrainingNeighbor_1,1750868940,1,0,0
b0qkdyda,16,ctejg380,3,presurvey,NeighborhoodInstruction,1750868941,1,0,0
b0qkdyda,11,fyvb4e3v,10,presurvey,ExperimentInstruction,1750868942,1,0,0
b0qkdyda,22,4jsygctv,0,,InitializeParticipant,1750868943,1,0,0
b0qkdyda,20,jvbhy0lp,4,presurvey,Neighborhood,1750868944,1,0,0
b0qkdyda,15,9ilvd9sg,3,presurvey,NeighborhoodInstruction,1750868945,1,0,0
b0qkdyda,8,vjvtw3jx,6,presurvey,TrainingNeighbor_1,1750868949,1,0,0
b0qkdyda,14,nq7z60fi,6,presurvey,TrainingNeighbor_1,1750868949,1,0,0
b0qkdyda,23,ufj5hvtz,0,,InitializeParticipant,1750868950,1,0,0
b0qkdyda,11,fyvb4e3v,11,presurvey,Neighborhood_1,1750868950,1,0,0
b0qkdyda,4,yixku3ou,26,presurvey,Scenario,1750868953,2,0,0
b0qkdyda,5,p7a8u6kq,4,presurvey,Neighborhood,1750868954,1,0,0
b0qkdyda,8,vjvtw3jx,10,presurvey,ExperimentInstruction,1750868955,1,0,0
b0qkdyda,2,gt0izquj,10,presurvey,ExperimentInstruction,1750868955,1,0,0
b0qkdyda,8,vjvtw3jx,11,presurvey,Neighborhood_1,1750868958,1,0,0
b0qkdyda,6,f6f7p7cw,5,presurvey,Training,1750868958,1,0,0
b0qkdyda,21,xunbr9hq,1,presurvey,Introduction,1750868960,1,0,0
b0qkdyda,14,nq7z60fi,10,presurvey,ExperimentInstruction,1750868961,1,0,0
b0qkdyda,2,gt0izquj,11,presurvey,Neighborhood_1,1750868961,1,0,0
b0qkdyda,16,ctejg380,4,presurvey,Neighborhood,1750868961,1,0,0
b0qkdyda,24,pz9g38m5,0,,InitializeParticipant,1750868964,1,0,0
b0qkdyda,14,nq7z60fi,11,presurvey,Neighborhood_1,1750868965,1,0,0
b0qkdyda,20,jvbhy0lp,5,presurvey,Training,1750868971,1,0,0
b0qkdyda,18,zh3yr0r0,4,presurvey,Neighborhood,1750868972,1,0,0
b0qkdyda,9,kl6idv17,5,presurvey,Training,1750868972,1,0,0
b0qkdyda,4,yixku3ou,40,presurvey,Scenario,1750868973,3,0,0
b0qkdyda,21,xunbr9hq,2,presurvey,Demographics,1750868980,1,0,0
b0qkdyda,11,fyvb4e3v,12,presurvey,Scenario,1750868984,1,0,0
b0qkdyda,8,vjvtw3jx,12,presurvey,Scenario,1750868984,1,0,0
b0qkdyda,15,9ilvd9sg,4,presurvey,Neighborhood,1750868990,1,0,0
b0qkdyda,14,nq7z60fi,12,presurvey,Scenario,1750868993,1,0,0
b0qkdyda,3,71dp2bd0,12,presurvey,Scenario,1750868993,1,0,0
b0qkdyda,2,gt0izquj,12,presurvey,Scenario,1750868994,1,0,0
b0qkdyda,20,jvbhy0lp,6,presurvey,TrainingNeighbor_1,1750868996,1,0,0
b0qkdyda,4,yixku3ou,54,presurvey,Scenario,1750868997,4,0,0
b0qkdyda,25,t4okpeas,0,,InitializeParticipant,1750869000,1,0,0
b0qkdyda,20,jvbhy0lp,10,presurvey,ExperimentInstruction,1750869001,1,0,0
b0qkdyda,24,pz9g38m5,1,presurvey,Introduction,1750869003,1,0,0
b0qkdyda,9,kl6idv17,6,presurvey,TrainingNeighbor_1,1750869004,1,0,0
b0qkdyda,21,xunbr9hq,3,presurvey,NeighborhoodInstruction,1750869006,1,0,0
b0qkdyda,16,ctejg380,5,presurvey,Training,1750869007,1,0,0
b0qkdyda,6,f6f7p7cw,6,presurvey,TrainingNeighbor_1,1750869012,1,0,0
b0qkdyda,15,9ilvd9sg,5,presurvey,Training,1750869012,1,0,0
b0qkdyda,24,pz9g38m5,2,presurvey,Demographics,1750869014,1,0,0
b0qkdyda,4,yixku3ou,55,presurvey,Commitment,1750869015,4,0,0
b0qkdyda,20,jvbhy0lp,11,presurvey,Neighborhood_1,1750869018,1,0,0
b0qkdyda,8,vjvtw3jx,26,presurvey,Scenario,1750869018,2,0,0
b0qkdyda,6,f6f7p7cw,10,presurvey,ExperimentInstruction,1750869019,1,0,0
b0qkdyda,25,t4okpeas,1,presurvey,Introduction,1750869019,1,0,0
b0qkdyda,14,nq7z60fi,26,presurvey,Scenario,1750869021,2,0,0
b0qkdyda,11,fyvb4e3v,26,presurvey,Scenario,1750869021,2,0,0
b0qkdyda,4,yixku3ou,56,presurvey,FinalPage,1750869021,4,1,0
b0qkdyda,21,xunbr9hq,4,presurvey,Neighborhood,1750869025,1,0,0
b0qkdyda,9,kl6idv17,10,presurvey,ExperimentInstruction,1750869027,1,0,0
b0qkdyda,26,rcehnz9d,0,,InitializeParticipant,1750869027,1,0,0
b0qkdyda,23,ufj5hvtz,1,presurvey,Introduction,1750869028,1,0,0
b0qkdyda,24,pz9g38m5,3,presurvey,NeighborhoodInstruction,1750869028,1,0,0
b0qkdyda,6,f6f7p7cw,11,presurvey,Neighborhood_1,1750869033,1,0,0
b0qkdyda,3,71dp2bd0,26,presurvey,Scenario,1750869033,2,0,0
b0qkdyda,17,pa1o0xg8,1,presurvey,Introduction,1750869035,1,0,0
b0qkdyda,25,t4okpeas,2,presurvey,Demographics,1750869035,1,0,0
b0qkdyda,27,ir7143ua,0,,InitializeParticipant,1750869041,1,0,0
b0qkdyda,20,jvbhy0lp,12,presurvey,Scenario,1750869042,1,0,0
b0qkdyda,16,ctejg380,6,presurvey,TrainingNeighbor_1,1750869043,1,0,0
b0qkdyda,8,vjvtw3jx,40,presurvey,Scenario,1750869047,3,0,0
b0qkdyda,16,ctejg380,10,presurvey,ExperimentInstruction,1750869048,1,0,0
b0qkdyda,26,rcehnz9d,1,presurvey,Introduction,1750869048,1,0,0
b0qkdyda,12,4nwaggaj,4,presurvey,Neighborhood,1750869052,1,0,0
b0qkdyda,16,ctejg380,11,presurvey,Neighborhood_1,1750869054,1,0,0
b0qkdyda,28,lp1657ei,0,,InitializeParticipant,1750869054,1,0,0
b0qkdyda,24,pz9g38m5,4,presurvey,Neighborhood,1750869054,1,0,0
b0qkdyda,14,nq7z60fi,40,presurvey,Scenario,1750869057,3,0,0
b0qkdyda,3,71dp2bd0,40,presurvey,Scenario,1750869061,3,0,0
b0qkdyda,2,gt0izquj,26,presurvey,Scenario,1750869063,2,0,0
b0qkdyda,9,kl6idv17,11,presurvey,Neighborhood_1,1750869068,1,0,0
b0qkdyda,18,zh3yr0r0,5,presurvey,Training,1750869068,1,0,0
b0qkdyda,20,jvbhy0lp,26,presurvey,Scenario,1750869069,2,0,0
b0qkdyda,5,p7a8u6kq,5,presurvey,Training,1750869072,1,0,0
b0qkdyda,8,vjvtw3jx,54,presurvey,Scenario,1750869073,4,0,0
b0qkdyda,25,t4okpeas,3,presurvey,NeighborhoodInstruction,1750869074,1,0,0
b0qkdyda,14,nq7z60fi,54,presurvey,Scenario,1750869078,4,0,0
b0qkdyda,22,4jsygctv,1,presurvey,Introduction,1750869079,1,0,0
b0qkdyda,29,7thukmn2,0,,InitializeParticipant,1750869083,1,0,0
b0qkdyda,6,f6f7p7cw,12,presurvey,Scenario,1750869084,1,0,0
b0qkdyda,31,4blmp9ww,0,,InitializeParticipant,1750869084,1,0,0
b0qkdyda,30,u5sxozk9,0,,InitializeParticipant,1750869084,1,0,0
b0qkdyda,28,lp1657ei,1,presurvey,Introduction,1750869085,1,0,0
b0qkdyda,24,pz9g38m5,5,presurvey,Training,1750869087,1,0,0
b0qkdyda,26,rcehnz9d,2,presurvey,Demographics,1750869089,1,0,0
b0qkdyda,3,71dp2bd0,54,presurvey,Scenario,1750869089,4,0,0
b0qkdyda,32,vd2dzc0r,0,,InitializeParticipant,1750869090,1,0,0
b0qkdyda,16,ctejg380,12,presurvey,Scenario,1750869090,1,0,0
b0qkdyda,11,fyvb4e3v,40,presurvey,Scenario,1750869091,3,0,0
b0qkdyda,22,4jsygctv,2,presurvey,Demographics,1750869096,1,0,0
b0qkdyda,2,gt0izquj,40,presurvey,Scenario,1750869096,3,0,0
b0qkdyda,20,jvbhy0lp,40,presurvey,Scenario,1750869097,3,0,0
b0qkdyda,15,9ilvd9sg,6,presurvey,TrainingNeighbor_1,1750869098,1,0,0
b0qkdyda,31,4blmp9ww,1,presurvey,Introduction,1750869101,1,0,0
b0qkdyda,26,rcehnz9d,3,presurvey,NeighborhoodInstruction,1750869102,1,0,0
b0qkdyda,15,9ilvd9sg,10,presurvey,ExperimentInstruction,1750869104,1,0,0
b0qkdyda,17,pa1o0xg8,2,presurvey,Demographics,1750869104,1,0,0
b0qkdyda,14,nq7z60fi,55,presurvey,Commitment,1750869106,4,0,0
b0qkdyda,23,ufj5hvtz,2,presurvey,Demographics,1750869108,1,0,0
b0qkdyda,29,7thukmn2,1,presurvey,Introduction,1750869109,1,0,0
b0qkdyda,31,4blmp9ww,2,presurvey,Demographics,1750869109,1,0,0
b0qkdyda,12,4nwaggaj,5,presurvey,Training,1750869110,1,0,0
b0qkdyda,15,9ilvd9sg,11,presurvey,Neighborhood_1,1750869111,1,0,0
b0qkdyda,14,nq7z60fi,56,presurvey,FinalPage,1750869111,4,1,0
b0qkdyda,8,vjvtw3jx,55,presurvey,Commitment,1750869114,4,0,0
b0qkdyda,20,jvbhy0lp,54,presurvey,Scenario,1750869115,4,0,0
b0qkdyda,22,4jsygctv,3,presurvey,NeighborhoodInstruction,1750869117,1,0,0
b0qkdyda,8,vjvtw3jx,56,presurvey,FinalPage,1750869120,4,1,0
b0qkdyda,32,vd2dzc0r,1,presurvey,Introduction,1750869123,1,0,0
b0qkdyda,16,ctejg380,26,presurvey,Scenario,1750869123,2,0,0
b0qkdyda,31,4blmp9ww,3,presurvey,NeighborhoodInstruction,1750869124,1,0,0
b0qkdyda,9,kl6idv17,12,presurvey,Scenario,1750869125,1,0,0
b0qkdyda,28,lp1657ei,2,presurvey,Demographics,1750869125,1,0,0
b0qkdyda,24,pz9g38m5,6,presurvey,TrainingNeighbor_1,1750869126,1,0,0
b0qkdyda,25,t4okpeas,4,presurvey,Neighborhood,1750869126,1,0,0
b0qkdyda,26,rcehnz9d,4,presurvey,Neighborhood,1750869126,1,0,0
b0qkdyda,6,f6f7p7cw,26,presurvey,Scenario,1750869127,2,0,0
b0qkdyda,3,71dp2bd0,55,presurvey,Commitment,1750869128,4,0,0
b0qkdyda,15,9ilvd9sg,12,presurvey,Scenario,1750869130,1,0,0
b0qkdyda,24,pz9g38m5,10,presurvey,ExperimentInstruction,1750869134,1,0,0
b0qkdyda,3,71dp2bd0,56,presurvey,FinalPage,1750869135,4,1,0
b0qkdyda,27,ir7143ua,1,presurvey,Introduction,1750869135,1,0,0
b0qkdyda,9,kl6idv17,26,presurvey,Scenario,1750869135,2,0,0
b0qkdyda,17,pa1o0xg8,3,presurvey,NeighborhoodInstruction,1750869136,1,0,0
b0qkdyda,30,u5sxozk9,1,presurvey,Introduction,1750869137,1,0,0
b0qkdyda,28,lp1657ei,3,presurvey,NeighborhoodInstruction,1750869137,1,0,0
b0qkdyda,21,xunbr9hq,5,presurvey,Training,1750869137,1,0,0
b0qkdyda,2,gt0izquj,54,presurvey,Scenario,1750869138,4,0,0
b0qkdyda,24,pz9g38m5,11,presurvey,Neighborhood_1,1750869138,1,0,0
b0qkdyda,9,kl6idv17,40,presurvey,Scenario,1750869141,3,0,0
b0qkdyda,11,fyvb4e3v,54,presurvey,Scenario,1750869142,4,0,0
b0qkdyda,18,zh3yr0r0,6,presurvey,TrainingNeighbor_1,1750869142,1,0,0
b0qkdyda,31,4blmp9ww,4,presurvey,Neighborhood,1750869143,1,0,0
b0qkdyda,32,vd2dzc0r,2,presurvey,Demographics,1750869143,1,0,0
b0qkdyda,29,7thukmn2,2,presurvey,Demographics,1750869145,1,0,0
b0qkdyda,12,4nwaggaj,6,presurvey,TrainingNeighbor_1,1750869145,1,0,0
b0qkdyda,9,kl6idv17,54,presurvey,Scenario,1750869150,4,0,0
b0qkdyda,11,fyvb4e3v,55,presurvey,Commitment,1750869151,4,0,0
b0qkdyda,18,zh3yr0r0,10,presurvey,ExperimentInstruction,1750869151,1,0,0
b0qkdyda,20,jvbhy0lp,55,presurvey,Commitment,1750869154,4,0,0
b0qkdyda,28,lp1657ei,4,presurvey,Neighborhood,1750869154,1,0,0
b0qkdyda,16,ctejg380,40,presurvey,Scenario,1750869154,3,0,0
b0qkdyda,22,4jsygctv,4,presurvey,Neighborhood,1750869155,1,0,0
b0qkdyda,15,9ilvd9sg,26,presurvey,Scenario,1750869155,2,0,0
b0qkdyda,11,fyvb4e3v,56,presurvey,FinalPage,1750869157,4,1,0
b0qkdyda,20,jvbhy0lp,56,presurvey,FinalPage,1750869159,4,0,0
b0qkdyda,30,u5sxozk9,2,presurvey,Demographics,1750869162,1,0,0
b0qkdyda,18,zh3yr0r0,11,presurvey,Neighborhood_1,1750869162,1,0,0
b0qkdyda,12,4nwaggaj,7,presurvey,TrainingNeighbor_2,1750869162,1,0,0
b0qkdyda,24,pz9g38m5,12,presurvey,Scenario,1750869166,1,0,0
b0qkdyda,15,9ilvd9sg,40,presurvey,Scenario,1750869169,3,0,0
b0qkdyda,26,rcehnz9d,5,presurvey,Training,1750869172,1,0,0
b0qkdyda,6,f6f7p7cw,40,presurvey,Scenario,1750869172,3,0,0
b0qkdyda,12,4nwaggaj,10,presurvey,ExperimentInstruction,1750869177,1,0,0
b0qkdyda,32,vd2dzc0r,3,presurvey,NeighborhoodInstruction,1750869177,1,0,0
b0qkdyda,16,ctejg380,54,presurvey,Scenario,1750869182,4,0,0
b0qkdyda,29,7thukmn2,3,presurvey,NeighborhoodInstruction,1750869183,1,0,0
b0qkdyda,15,9ilvd9sg,54,presurvey,Scenario,1750869184,4,0,0
b0qkdyda,10,nubwjpv5,1,presurvey,Introduction,1750869185,1,0,0
b0qkdyda,12,4nwaggaj,11,presurvey,Neighborhood_1,1750869188,1,0,0
b0qkdyda,21,xunbr9hq,6,presurvey,TrainingNeighbor_1,1750869188,1,0,0
b0qkdyda,17,pa1o0xg8,4,presurvey,Neighborhood,1750869190,1,0,0
b0qkdyda,2,gt0izquj,55,presurvey,Commitment,1750869191,4,0,0
b0qkdyda,27,ir7143ua,2,presurvey,Demographics,1750869192,1,0,0
b0qkdyda,24,pz9g38m5,26,presurvey,Scenario,1750869194,2,0,0
b0qkdyda,30,u5sxozk9,3,presurvey,NeighborhoodInstruction,1750869196,1,0,0
b0qkdyda,2,gt0izquj,56,presurvey,FinalPage,1750869197,4,1,0
b0qkdyda,10,nubwjpv5,2,presurvey,Demographics,1750869200,1,0,0
b0qkdyda,21,xunbr9hq,10,presurvey,ExperimentInstruction,1750869201,1,0,0
b0qkdyda,27,ir7143ua,3,presurvey,NeighborhoodInstruction,1750869202,1,0,0
b0qkdyda,16,ctejg380,55,presurvey,Commitment,1750869202,4,0,0
b0qkdyda,16,ctejg380,56,presurvey,FinalPage,1750869208,4,1,0
b0qkdyda,15,9ilvd9sg,55,presurvey,Commitment,1750869212,4,0,0
b0qkdyda,10,nubwjpv5,3,presurvey,NeighborhoodInstruction,1750869215,1,0,0
b0qkdyda,15,9ilvd9sg,56,presurvey,FinalPage,1750869217,4,0,0
b0qkdyda,24,pz9g38m5,40,presurvey,Scenario,1750869221,3,0,0
b0qkdyda,31,4blmp9ww,5,presurvey,Training,1750869222,1,0,0
b0qkdyda,22,4jsygctv,5,presurvey,Training,1750869224,1,0,0
b0qkdyda,25,t4okpeas,5,presurvey,Training,1750869225,1,0,0
b0qkdyda,30,u5sxozk9,4,presurvey,Neighborhood,1750869226,1,0,0
b0qkdyda,21,xunbr9hq,11,presurvey,Neighborhood_1,1750869227,1,0,0
b0qkdyda,6,f6f7p7cw,54,presurvey,Scenario,1750869231,4,0,0
b0qkdyda,12,4nwaggaj,12,presurvey,Scenario,1750869232,1,0,0
b0qkdyda,27,ir7143ua,4,presurvey,Neighborhood,1750869234,1,0,0
b0qkdyda,23,ufj5hvtz,3,presurvey,NeighborhoodInstruction,1750869234,1,0,0
b0qkdyda,32,vd2dzc0r,4,presurvey,Neighborhood,1750869234,1,0,0
b0qkdyda,10,nubwjpv5,4,presurvey,Neighborhood,1750869236,1,0,0
b0qkdyda,26,rcehnz9d,6,presurvey,TrainingNeighbor_1,1750869239,1,0,0
b0qkdyda,9,kl6idv17,55,presurvey,Commitment,1750869241,4,0,0
b0qkdyda,24,pz9g38m5,54,presurvey,Scenario,1750869241,4,0,0
b0qkdyda,9,kl6idv17,56,presurvey,FinalPage,1750869246,4,0,0
b0qkdyda,31,4blmp9ww,6,presurvey,TrainingNeighbor_1,1750869247,1,0,0
b0qkdyda,27,ir7143ua,5,presurvey,Training,1750869249,1,0,0
b0qkdyda,31,4blmp9ww,10,presurvey,ExperimentInstruction,1750869253,1,0,0
b0qkdyda,26,rcehnz9d,10,presurvey,ExperimentInstruction,1750869253,1,0,0
b0qkdyda,29,7thukmn2,4,presurvey,Neighborhood,1750869259,1,0,0
b0qkdyda,24,pz9g38m5,55,presurvey,Commitment,1750869261,4,0,0
b0qkdyda,31,4blmp9ww,11,presurvey,Neighborhood_1,1750869263,1,0,0
b0qkdyda,18,zh3yr0r0,12,presurvey,Scenario,1750869265,1,0,0
b0qkdyda,24,pz9g38m5,56,presurvey,FinalPage,1750869265,4,0,0
b0qkdyda,26,rcehnz9d,11,presurvey,Neighborhood_1,1750869269,1,0,0
b0qkdyda,5,p7a8u6kq,6,presurvey,TrainingNeighbor_1,1750869269,1,0,0
b0qkdyda,17,pa1o0xg8,5,presurvey,Training,1750869283,1,0,0
b0qkdyda,28,lp1657ei,5,presurvey,Training,1750869289,1,0,0
b0qkdyda,12,4nwaggaj,26,presurvey,Scenario,1750869298,2,0,0
b0qkdyda,5,p7a8u6kq,10,presurvey,ExperimentInstruction,1750869302,1,0,0
b0qkdyda,26,rcehnz9d,12,presurvey,Scenario,1750869303,1,0,0
b0qkdyda,10,nubwjpv5,5,presurvey,Training,1750869305,1,0,0
b0qkdyda,6,f6f7p7cw,55,presurvey,Commitment,1750869306,4,0,0
b0qkdyda,6,f6f7p7cw,56,presurvey,FinalPage,1750869314,4,1,0
b0qkdyda,22,4jsygctv,6,presurvey,TrainingNeighbor_1,1750869315,1,0,0
b0qkdyda,25,t4okpeas,6,presurvey,TrainingNeighbor_1,1750869328,1,0,0
b0qkdyda,23,ufj5hvtz,4,presurvey,Neighborhood,1750869330,1,0,0
b0qkdyda,31,4blmp9ww,12,presurvey,Scenario,1750869333,1,0,0
b0qkdyda,29,7thukmn2,5,presurvey,Training,1750869333,1,0,0
b0qkdyda,28,lp1657ei,6,presurvey,TrainingNeighbor_1,1750869334,1,0,0
b0qkdyda,22,4jsygctv,7,presurvey,TrainingNeighbor_2,1750869338,1,0,0
b0qkdyda,5,p7a8u6kq,11,presurvey,Neighborhood_1,1750869341,1,0,0
b0qkdyda,12,4nwaggaj,40,presurvey,Scenario,1750869344,3,0,0
b0qkdyda,30,u5sxozk9,5,presurvey,Training,1750869345,1,0,0
b0qkdyda,25,t4okpeas,10,presurvey,ExperimentInstruction,1750869349,1,0,0
b0qkdyda,33,f9da7l65,0,,InitializeParticipant,1750869355,1,0,0
b0qkdyda,25,t4okpeas,11,presurvey,Neighborhood_1,1750869356,1,0,0
b0qkdyda,22,4jsygctv,8,presurvey,AttentionCheck,1750869362,1,0,0
b0qkdyda,28,lp1657ei,7,presurvey,TrainingNeighbor_2,1750869362,1,0,0
b0qkdyda,32,vd2dzc0r,5,presurvey,Training,1750869365,1,0,0
b0qkdyda,2,gt0izquj,57,mock,GroupingWaitPage,1750869367,1,0,1
b0qkdyda,3,71dp2bd0,57,mock,GroupingWaitPage,1750869367,1,0,1
b0qkdyda,4,yixku3ou,57,mock,GroupingWaitPage,1750869367,1,0,1
b0qkdyda,6,f6f7p7cw,57,mock,GroupingWaitPage,1750869367,1,0,1
b0qkdyda,8,vjvtw3jx,57,mock,GroupingWaitPage,1750869367,1,0,1
b0qkdyda,9,kl6idv17,57,mock,GroupingWaitPage,1750869367,1,0,1
b0qkdyda,15,9ilvd9sg,57,mock,GroupingWaitPage,1750869367,1,0,1
b0qkdyda,16,ctejg380,57,mock,GroupingWaitPage,1750869367,1,0,1
b0qkdyda,20,jvbhy0lp,57,mock,GroupingWaitPage,1750869367,1,0,1
b0qkdyda,24,pz9g38m5,57,mock,GroupingWaitPage,1750869367,1,0,1
b0qkdyda,17,pa1o0xg8,6,presurvey,TrainingNeighbor_1,1750869369,1,0,0
b0qkdyda,2,gt0izquj,58,mock,GroupSizeWaitPage,1750869369,1,0,1
b0qkdyda,3,71dp2bd0,58,mock,GroupSizeWaitPage,1750869369,1,0,1
b0qkdyda,4,yixku3ou,58,mock,GroupSizeWaitPage,1750869369,1,0,1
b0qkdyda,6,f6f7p7cw,58,mock,GroupSizeWaitPage,1750869369,1,0,1
b0qkdyda,8,vjvtw3jx,58,mock,GroupSizeWaitPage,1750869369,1,0,1
b0qkdyda,9,kl6idv17,58,mock,GroupSizeWaitPage,1750869369,1,0,1
b0qkdyda,15,9ilvd9sg,58,mock,GroupSizeWaitPage,1750869369,1,0,1
b0qkdyda,16,ctejg380,58,mock,GroupSizeWaitPage,1750869369,1,0,1
b0qkdyda,20,jvbhy0lp,58,mock,GroupSizeWaitPage,1750869369,1,0,1
b0qkdyda,24,pz9g38m5,58,mock,GroupSizeWaitPage,1750869369,1,0,1
b0qkdyda,31,4blmp9ww,26,presurvey,Scenario,1750869370,2,0,0
b0qkdyda,26,rcehnz9d,26,presurvey,Scenario,1750869370,2,0,0
b0qkdyda,3,71dp2bd0,59,mock,DiscussionGRPWaitPage,1750869371,1,0,1
b0qkdyda,8,vjvtw3jx,59,mock,DiscussionGRPWaitPage,1750869371,1,0,1
b0qkdyda,9,kl6idv17,59,mock,DiscussionGRPWaitPage,1750869371,1,0,1
b0qkdyda,16,ctejg380,59,mock,DiscussionGRPWaitPage,1750869371,1,0,1
b0qkdyda,24,pz9g38m5,59,mock,DiscussionGRPWaitPage,1750869371,1,0,1
b0qkdyda,2,gt0izquj,59,mock,DiscussionGRPWaitPage,1750869371,1,0,1
b0qkdyda,4,yixku3ou,59,mock,DiscussionGRPWaitPage,1750869371,1,0,1
b0qkdyda,6,f6f7p7cw,59,mock,DiscussionGRPWaitPage,1750869371,1,0,1
b0qkdyda,15,9ilvd9sg,59,mock,DiscussionGRPWaitPage,1750869371,1,0,1
b0qkdyda,20,jvbhy0lp,59,mock,DiscussionGRPWaitPage,1750869371,1,0,1
b0qkdyda,28,lp1657ei,10,presurvey,ExperimentInstruction,1750869378,1,0,0
b0qkdyda,4,yixku3ou,60,mock,Phase3,1750869381,1,0,0
b0qkdyda,20,jvbhy0lp,60,mock,Phase3,1750869382,1,0,0
b0qkdyda,12,4nwaggaj,54,presurvey,Scenario,1750869382,4,0,0
b0qkdyda,28,lp1657ei,11,presurvey,Neighborhood_1,1750869383,1,0,0
b0qkdyda,21,xunbr9hq,12,presurvey,Scenario,1750869384,1,0,0
b0qkdyda,15,9ilvd9sg,60,mock,Phase3,1750869387,1,0,0
b0qkdyda,16,ctejg380,60,mock,Phase3,1750869388,1,0,0
b0qkdyda,10,nubwjpv5,6,presurvey,TrainingNeighbor_1,1750869389,1,0,0
b0qkdyda,33,f9da7l65,1,presurvey,Introduction,1750869389,1,0,0
b0qkdyda,3,71dp2bd0,60,mock,Phase3,1750869390,1,0,0
b0qkdyda,20,jvbhy0lp,61,mock,Nudge,1750869393,1,0,0
b0qkdyda,4,yixku3ou,61,mock,Nudge,1750869393,1,0,0
b0qkdyda,8,vjvtw3jx,60,mock,Phase3,1750869396,1,0,0
b0qkdyda,22,4jsygctv,9,presurvey,TrainingNeighbor_3,1750869396,1,0,0
b0qkdyda,29,7thukmn2,6,presurvey,TrainingNeighbor_1,1750869399,1,0,0
b0qkdyda,2,gt0izquj,60,mock,Phase3,1750869399,1,0,0
b0qkdyda,15,9ilvd9sg,61,mock,Nudge,1750869399,1,0,0
b0qkdyda,18,zh3yr0r0,26,presurvey,Scenario,1750869399,2,0,0
b0qkdyda,10,nubwjpv5,10,presurvey,ExperimentInstruction,1750869400,1,0,0
b0qkdyda,6,f6f7p7cw,60,mock,Phase3,1750869401,1,0,0
b0qkdyda,4,yixku3ou,62,mock,Discussion,1750869401,1,0,0
b0qkdyda,24,pz9g38m5,60,mock,Phase3,1750869402,1,0,0
b0qkdyda,3,71dp2bd0,61,mock,Nudge,1750869402,1,0,0
b0qkdyda,33,f9da7l65,2,presurvey,Demographics,1750869402,1,0,0
b0qkdyda,16,ctejg380,61,mock,Nudge,1750869403,1,0,0
b0qkdyda,9,kl6idv17,60,mock,Phase3,1750869405,1,0,0
b0qkdyda,8,vjvtw3jx,61,mock,Nudge,1750869408,1,0,0
b0qkdyda,23,ufj5hvtz,5,presurvey,Training,1750869411,1,0,0
b0qkdyda,31,4blmp9ww,40,presurvey,Scenario,1750869412,3,0,0
b0qkdyda,20,jvbhy0lp,62,mock,Discussion,1750869412,1,0,0
b0qkdyda,2,gt0izquj,61,mock,Nudge,1750869414,1,0,0
b0qkdyda,10,nubwjpv5,11,presurvey,Neighborhood_1,1750869414,1,0,0
b0qkdyda,9,kl6idv17,61,mock,Nudge,1750869415,1,0,0
b0qkdyda,9,kl6idv17,62,mock,Discussion,1750869418,1,0,0
b0qkdyda,15,9ilvd9sg,62,mock,Discussion,1750869420,1,0,0
b0qkdyda,29,7thukmn2,7,presurvey,TrainingNeighbor_2,1750869422,1,0,0
b0qkdyda,17,pa1o0xg8,10,presurvey,ExperimentInstruction,1750869424,1,0,0
b0qkdyda,8,vjvtw3jx,62,mock,Discussion,1750869425,1,0,0
b0qkdyda,16,ctejg380,62,mock,Discussion,1750869425,1,0,0
b0qkdyda,3,71dp2bd0,62,mock,Discussion,1750869426,1,0,0
b0qkdyda,5,p7a8u6kq,12,presurvey,Scenario,1750869427,1,0,0
b0qkdyda,12,4nwaggaj,55,presurvey,Commitment,1750869428,4,0,0
b0qkdyda,30,u5sxozk9,6,presurvey,TrainingNeighbor_1,1750869429,1,0,0
b0qkdyda,31,4blmp9ww,54,presurvey,Scenario,1750869431,4,0,0
b0qkdyda,26,rcehnz9d,40,presurvey,Scenario,1750869431,3,0,0
b0qkdyda,6,f6f7p7cw,61,mock,Nudge,1750869433,1,0,0
b0qkdyda,25,t4okpeas,12,presurvey,Scenario,1750869435,1,0,0
b0qkdyda,2,gt0izquj,62,mock,Discussion,1750869438,1,0,0
b0qkdyda,32,vd2dzc0r,6,presurvey,TrainingNeighbor_1,1750869442,1,0,0
b0qkdyda,28,lp1657ei,12,presurvey,Scenario,1750869446,1,0,0
b0qkdyda,29,7thukmn2,10,presurvey,ExperimentInstruction,1750869447,1,0,0
b0qkdyda,24,pz9g38m5,61,mock,Nudge,1750869448,1,1,0
b0qkdyda,30,u5sxozk9,10,presurvey,ExperimentInstruction,1750869449,1,0,0
b0qkdyda,32,vd2dzc0r,7,presurvey,TrainingNeighbor_2,1750869449,1,0,0
b0qkdyda,33,f9da7l65,3,presurvey,NeighborhoodInstruction,1750869456,1,0,0
b0qkdyda,29,7thukmn2,11,presurvey,Neighborhood_1,1750869460,1,0,0
b0qkdyda,17,pa1o0xg8,11,presurvey,Neighborhood_1,1750869462,1,0,0
b0qkdyda,31,4blmp9ww,55,presurvey,Commitment,1750869467,4,0,0
b0qkdyda,32,vd2dzc0r,10,presurvey,ExperimentInstruction,1750869468,1,0,0
b0qkdyda,30,u5sxozk9,11,presurvey,Neighborhood_1,1750869471,1,0,0
b0qkdyda,31,4blmp9ww,56,presurvey,FinalPage,1750869473,4,1,0
b0qkdyda,10,nubwjpv5,12,presurvey,Scenario,1750869479,1,0,0
b0qkdyda,6,f6f7p7cw,62,mock,Discussion,1750869481,1,0,0
b0qkdyda,26,rcehnz9d,54,presurvey,Scenario,1750869481,4,0,0
b0qkdyda,5,p7a8u6kq,26,presurvey,Scenario,1750869482,2,0,0
b0qkdyda,33,f9da7l65,4,presurvey,Neighborhood,1750869488,1,0,0
b0qkdyda,32,vd2dzc0r,11,presurvey,Neighborhood_1,1750869489,1,0,0
b0qkdyda,23,ufj5hvtz,6,presurvey,TrainingNeighbor_1,1750869495,1,0,0
b0qkdyda,18,zh3yr0r0,40,presurvey,Scenario,1750869499,3,0,0
b0qkdyda,26,rcehnz9d,55,presurvey,Commitment,1750869502,4,0,0
b0qkdyda,25,t4okpeas,26,presurvey,Scenario,1750869504,2,0,0
b0qkdyda,26,rcehnz9d,56,presurvey,FinalPage,1750869508,4,1,0
b0qkdyda,24,pz9g38m5,62,mock,Discussion,1750869524,1,0,0
b0qkdyda,28,lp1657ei,26,presurvey,Scenario,1750869524,2,0,0
b0qkdyda,3,71dp2bd0,65,mock,DiscussionGRPWaitPage,1750869524,2,0,1
b0qkdyda,8,vjvtw3jx,65,mock,DiscussionGRPWaitPage,1750869524,2,0,1
b0qkdyda,9,kl6idv17,65,mock,DiscussionGRPWaitPage,1750869524,2,0,1
b0qkdyda,16,ctejg380,65,mock,DiscussionGRPWaitPage,1750869524,2,0,1
b0qkdyda,24,pz9g38m5,65,mock,DiscussionGRPWaitPage,1750869524,2,0,1
b0qkdyda,2,gt0izquj,65,mock,DiscussionGRPWaitPage,1750869524,2,0,1
b0qkdyda,4,yixku3ou,65,mock,DiscussionGRPWaitPage,1750869524,2,0,1
b0qkdyda,6,f6f7p7cw,65,mock,DiscussionGRPWaitPage,1750869524,2,0,1
b0qkdyda,15,9ilvd9sg,65,mock,DiscussionGRPWaitPage,1750869524,2,0,1
b0qkdyda,20,jvbhy0lp,65,mock,DiscussionGRPWaitPage,1750869524,2,0,1
b0qkdyda,10,nubwjpv5,26,presurvey,Scenario,1750869529,2,0,0
b0qkdyda,9,kl6idv17,68,mock,Discussion,1750869530,2,0,0
b0qkdyda,29,7thukmn2,12,presurvey,Scenario,1750869532,1,0,0
b0qkdyda,8,vjvtw3jx,68,mock,Discussion,1750869533,2,0,0
b0qkdyda,20,jvbhy0lp,68,mock,Discussion,1750869541,2,0,0
b0qkdyda,15,9ilvd9sg,68,mock,Discussion,1750869543,2,0,0
b0qkdyda,16,ctejg380,68,mock,Discussion,1750869545,2,0,0
b0qkdyda,2,gt0izquj,68,mock,Discussion,1750869549,2,0,0
b0qkdyda,3,71dp2bd0,68,mock,Discussion,1750869551,2,0,0
b0qkdyda,21,xunbr9hq,26,presurvey,Scenario,1750869554,2,0,0
b0qkdyda,17,pa1o0xg8,12,presurvey,Scenario,1750869555,1,0,0
b0qkdyda,6,f6f7p7cw,68,mock,Discussion,1750869558,2,0,0
b0qkdyda,30,u5sxozk9,12,presurvey,Scenario,1750869562,1,0,0
b0qkdyda,18,zh3yr0r0,54,presurvey,Scenario,1750869562,4,0,0
b0qkdyda,23,ufj5hvtz,7,presurvey,TrainingNeighbor_2,1750869568,1,0,0
b0qkdyda,28,lp1657ei,40,presurvey,Scenario,1750869568,3,0,0
b0qkdyda,5,p7a8u6kq,40,presurvey,Scenario,1750869572,3,0,0
b0qkdyda,10,nubwjpv5,40,presurvey,Scenario,1750869572,3,0,0
b0qkdyda,25,t4okpeas,40,presurvey,Scenario,1750869576,3,0,0
b0qkdyda,4,yixku3ou,68,mock,Discussion,1750869580,2,0,0
b0qkdyda,24,pz9g38m5,68,mock,Discussion,1750869581,2,0,0
b0qkdyda,3,71dp2bd0,71,mock,DiscussionGRPWaitPage,1750869581,3,0,1
b0qkdyda,8,vjvtw3jx,71,mock,DiscussionGRPWaitPage,1750869581,3,0,1
b0qkdyda,9,kl6idv17,71,mock,DiscussionGRPWaitPage,1750869581,3,0,1
b0qkdyda,16,ctejg380,71,mock,DiscussionGRPWaitPage,1750869581,3,0,1
b0qkdyda,24,pz9g38m5,71,mock,DiscussionGRPWaitPage,1750869581,3,0,1
b0qkdyda,2,gt0izquj,71,mock,DiscussionGRPWaitPage,1750869581,3,0,1
b0qkdyda,4,yixku3ou,71,mock,DiscussionGRPWaitPage,1750869581,3,0,1
b0qkdyda,6,f6f7p7cw,71,mock,DiscussionGRPWaitPage,1750869581,3,0,1
b0qkdyda,15,9ilvd9sg,71,mock,DiscussionGRPWaitPage,1750869581,3,0,1
b0qkdyda,20,jvbhy0lp,71,mock,DiscussionGRPWaitPage,1750869581,3,0,1
b0qkdyda,32,vd2dzc0r,12,presurvey,Scenario,1750869584,1,0,0
b0qkdyda,3,71dp2bd0,74,mock,Discussion,1750869588,3,0,0
b0qkdyda,20,jvbhy0lp,74,mock,Discussion,1750869591,3,0,0
b0qkdyda,2,gt0izquj,74,mock,Discussion,1750869591,3,0,0
b0qkdyda,16,ctejg380,74,mock,Discussion,1750869593,3,0,0
b0qkdyda,6,f6f7p7cw,74,mock,Discussion,1750869595,3,0,0
b0qkdyda,24,pz9g38m5,74,mock,Discussion,1750869599,3,0,0
b0qkdyda,9,kl6idv17,74,mock,Discussion,1750869599,3,0,0
b0qkdyda,8,vjvtw3jx,74,mock,Discussion,1750869602,3,0,0
b0qkdyda,32,vd2dzc0r,26,presurvey,Scenario,1750869604,2,0,0
b0qkdyda,10,nubwjpv5,54,presurvey,Scenario,1750869606,4,0,0
b0qkdyda,23,ufj5hvtz,8,presurvey,AttentionCheck,1750869613,1,0,0
b0qkdyda,15,9ilvd9sg,74,mock,Discussion,1750869616,3,0,0
b0qkdyda,29,7thukmn2,26,presurvey,Scenario,1750869616,2,0,0
b0qkdyda,32,vd2dzc0r,40,presurvey,Scenario,1750869627,3,0,0
b0qkdyda,18,zh3yr0r0,55,presurvey,Commitment,1750869627,4,0,0
b0qkdyda,4,yixku3ou,74,mock,Discussion,1750869627,3,0,0
b0qkdyda,3,71dp2bd0,77,mock,DiscussionGRPWaitPage,1750869627,4,0,1
b0qkdyda,8,vjvtw3jx,77,mock,DiscussionGRPWaitPage,1750869627,4,0,1
b0qkdyda,9,kl6idv17,77,mock,DiscussionGRPWaitPage,1750869627,4,0,1
b0qkdyda,16,ctejg380,77,mock,DiscussionGRPWaitPage,1750869627,4,0,1
b0qkdyda,24,pz9g38m5,77,mock,DiscussionGRPWaitPage,1750869627,4,0,1
b0qkdyda,2,gt0izquj,77,mock,DiscussionGRPWaitPage,1750869627,4,0,1
b0qkdyda,4,yixku3ou,77,mock,DiscussionGRPWaitPage,1750869627,4,0,1
b0qkdyda,6,f6f7p7cw,77,mock,DiscussionGRPWaitPage,1750869627,4,0,1
b0qkdyda,15,9ilvd9sg,77,mock,DiscussionGRPWaitPage,1750869627,4,0,1
b0qkdyda,20,jvbhy0lp,77,mock,DiscussionGRPWaitPage,1750869627,4,0,1
b0qkdyda,3,71dp2bd0,80,mock,Discussion,1750869634,4,0,0
b0qkdyda,33,f9da7l65,5,presurvey,Training,1750869635,1,0,0
b0qkdyda,5,p7a8u6kq,54,presurvey,Scenario,1750869635,4,0,0
b0qkdyda,10,nubwjpv5,55,presurvey,Commitment,1750869635,4,0,0
b0qkdyda,18,zh3yr0r0,56,presurvey,FinalPage,1750869636,4,1,0
b0qkdyda,15,9ilvd9sg,80,mock,Discussion,1750869636,4,0,0
b0qkdyda,9,kl6idv17,80,mock,Discussion,1750869636,4,0,0
b0qkdyda,20,jvbhy0lp,80,mock,Discussion,1750869636,4,0,0
b0qkdyda,8,vjvtw3jx,80,mock,Discussion,1750869637,4,0,0
b0qkdyda,4,yixku3ou,80,mock,Discussion,1750869639,4,0,0
b0qkdyda,17,pa1o0xg8,26,presurvey,Scenario,1750869641,2,0,0
b0qkdyda,28,lp1657ei,54,presurvey,Scenario,1750869641,4,0,0
b0qkdyda,16,ctejg380,80,mock,Discussion,1750869641,4,0,0
b0qkdyda,6,f6f7p7cw,80,mock,Discussion,1750869645,4,0,0
b0qkdyda,24,pz9g38m5,80,mock,Discussion,1750869653,4,0,0
b0qkdyda,25,t4okpeas,54,presurvey,Scenario,1750869661,4,0,0
b0qkdyda,32,vd2dzc0r,54,presurvey,Scenario,1750869665,4,0,0
b0qkdyda,2,gt0izquj,80,mock,Discussion,1750869668,4,0,0
b0qkdyda,3,71dp2bd0,83,mock,DiscussionGRPWaitPage,1750869668,5,0,1
b0qkdyda,8,vjvtw3jx,83,mock,DiscussionGRPWaitPage,1750869668,5,0,1
b0qkdyda,9,kl6idv17,83,mock,DiscussionGRPWaitPage,1750869668,5,0,1
b0qkdyda,16,ctejg380,83,mock,DiscussionGRPWaitPage,1750869668,5,0,1
b0qkdyda,24,pz9g38m5,83,mock,DiscussionGRPWaitPage,1750869668,5,0,1
b0qkdyda,2,gt0izquj,83,mock,DiscussionGRPWaitPage,1750869668,5,0,1
b0qkdyda,4,yixku3ou,83,mock,DiscussionGRPWaitPage,1750869668,5,0,1
b0qkdyda,6,f6f7p7cw,83,mock,DiscussionGRPWaitPage,1750869668,5,0,1
b0qkdyda,15,9ilvd9sg,83,mock,DiscussionGRPWaitPage,1750869668,5,0,1
b0qkdyda,20,jvbhy0lp,83,mock,DiscussionGRPWaitPage,1750869668,5,0,1
b0qkdyda,21,xunbr9hq,40,presurvey,Scenario,1750869669,3,0,0
b0qkdyda,9,kl6idv17,86,mock,Discussion,1750869673,5,0,0
b0qkdyda,4,yixku3ou,86,mock,Discussion,1750869673,5,0,0
b0qkdyda,30,u5sxozk9,26,presurvey,Scenario,1750869674,2,0,0
b0qkdyda,34,3swu5927,0,,InitializeParticipant,1750869674,1,0,0
b0qkdyda,6,f6f7p7cw,86,mock,Discussion,1750869675,5,0,0
b0qkdyda,8,vjvtw3jx,86,mock,Discussion,1750869675,5,0,0
b0qkdyda,20,jvbhy0lp,86,mock,Discussion,1750869677,5,0,0
b0qkdyda,15,9ilvd9sg,86,mock,Discussion,1750869677,5,0,0
b0qkdyda,3,71dp2bd0,86,mock,Discussion,1750869678,5,0,0
b0qkdyda,19,hj893tt4,1,presurvey,Introduction,1750869680,1,0,0
b0qkdyda,2,gt0izquj,86,mock,Discussion,1750869681,5,0,0
b0qkdyda,28,lp1657ei,55,presurvey,Commitment,1750869682,4,0,0
b0qkdyda,34,3swu5927,1,presurvey,Introduction,1750869682,1,0,0
b0qkdyda,24,pz9g38m5,86,mock,Discussion,1750869684,5,0,0
b0qkdyda,16,ctejg380,86,mock,Discussion,1750869684,5,0,0
b0qkdyda,9,kl6idv17,88,Pay,Feedback,1750869687,1,0,0
b0qkdyda,3,71dp2bd0,88,Pay,Feedback,1750869687,1,0,0
b0qkdyda,28,lp1657ei,56,presurvey,FinalPage,1750869689,4,1,0
b0qkdyda,19,hj893tt4,2,presurvey,Demographics,1750869691,1,0,0
b0qkdyda,29,7thukmn2,40,presurvey,Scenario,1750869691,3,0,0
b0qkdyda,15,9ilvd9sg,88,Pay,Feedback,1750869691,1,0,0
b0qkdyda,2,gt0izquj,88,Pay,Feedback,1750869692,1,0,0
b0qkdyda,20,jvbhy0lp,88,Pay,Feedback,1750869692,1,0,0
b0qkdyda,8,vjvtw3jx,88,Pay,Feedback,1750869694,1,0,0
b0qkdyda,34,3swu5927,2,presurvey,Demographics,1750869696,1,0,0
b0qkdyda,6,f6f7p7cw,88,Pay,Feedback,1750869697,1,0,0
b0qkdyda,19,hj893tt4,3,presurvey,NeighborhoodInstruction,1750869699,1,0,0
b0qkdyda,34,3swu5927,3,presurvey,NeighborhoodInstruction,1750869702,1,0,0
b0qkdyda,17,pa1o0xg8,40,presurvey,Scenario,1750869705,3,0,0
b0qkdyda,16,ctejg380,88,Pay,Feedback,1750869706,1,0,0
b0qkdyda,32,vd2dzc0r,55,presurvey,Commitment,1750869712,4,0,0
b0qkdyda,14,nq7z60fi,57,mock,GroupingWaitPage,1750869715,1,0,1
b0qkdyda,14,nq7z60fi,58,mock,GroupSizeWaitPage,1750869715,1,0,1
b0qkdyda,32,vd2dzc0r,56,presurvey,FinalPage,1750869720,4,1,0
b0qkdyda,24,pz9g38m5,88,Pay,Feedback,1750869724,1,0,0
b0qkdyda,29,7thukmn2,54,presurvey,Scenario,1750869726,4,0,0
b0qkdyda,34,3swu5927,4,presurvey,Neighborhood,1750869728,1,0,0
b0qkdyda,5,p7a8u6kq,55,presurvey,Commitment,1750869729,4,0,0
b0qkdyda,19,hj893tt4,4,presurvey,Neighborhood,1750869729,1,0,0
b0qkdyda,33,f9da7l65,6,presurvey,TrainingNeighbor_1,1750869733,1,0,0
b0qkdyda,5,p7a8u6kq,56,presurvey,FinalPage,1750869737,4,1,0
b0qkdyda,30,u5sxozk9,40,presurvey,Scenario,1750869740,3,0,0
b0qkdyda,33,f9da7l65,10,presurvey,ExperimentInstruction,1750869745,1,0,0
b0qkdyda,25,t4okpeas,55,presurvey,Commitment,1750869746,4,0,0
b0qkdyda,25,t4okpeas,56,presurvey,FinalPage,1750869755,4,1,0
b0qkdyda,29,7thukmn2,55,presurvey,Commitment,1750869757,4,0,0
b0qkdyda,17,pa1o0xg8,54,presurvey,Scenario,1750869762,4,0,0
b0qkdyda,34,3swu5927,5,presurvey,Training,1750869769,1,0,0
b0qkdyda,29,7thukmn2,56,presurvey,FinalPage,1750869770,4,1,0
b0qkdyda,4,yixku3ou,88,Pay,Feedback,1750869774,1,0,0
b0qkdyda,19,hj893tt4,5,presurvey,Training,1750869774,1,0,0
b0qkdyda,23,ufj5hvtz,9,presurvey,TrainingNeighbor_3,1750869776,1,0,0
b0qkdyda,34,3swu5927,6,presurvey,TrainingNeighbor_1,1750869790,1,0,0
b0qkdyda,30,u5sxozk9,54,presurvey,Scenario,1750869792,4,0,0
b0qkdyda,23,ufj5hvtz,10,presurvey,ExperimentInstruction,1750869795,1,0,0
b0qkdyda,34,3swu5927,7,presurvey,TrainingNeighbor_2,1750869804,1,0,0
b0qkdyda,19,hj893tt4,6,presurvey,TrainingNeighbor_1,1750869807,1,0,0
b0qkdyda,34,3swu5927,10,presurvey,ExperimentInstruction,1750869811,1,0,0
b0qkdyda,34,3swu5927,11,presurvey,Neighborhood_1,1750869817,1,0,0
b0qkdyda,21,xunbr9hq,54,presurvey,Scenario,1750869823,4,0,0
b0qkdyda,19,hj893tt4,7,presurvey,TrainingNeighbor_2,1750869829,1,0,0
b0qkdyda,19,hj893tt4,8,presurvey,AttentionCheck,1750869838,1,0,0
b0qkdyda,35,y29eynub,0,,InitializeParticipant,1750869843,1,0,0
b0qkdyda,30,u5sxozk9,55,presurvey,Commitment,1750869858,4,0,0
b0qkdyda,23,ufj5hvtz,11,presurvey,Neighborhood_1,1750869862,1,0,0
b0qkdyda,19,hj893tt4,9,presurvey,TrainingNeighbor_3,1750869863,1,0,0
b0qkdyda,30,u5sxozk9,56,presurvey,FinalPage,1750869865,4,1,0
b0qkdyda,19,hj893tt4,10,presurvey,ExperimentInstruction,1750869875,1,0,0
b0qkdyda,19,hj893tt4,11,presurvey,Neighborhood_1,1750869884,1,0,0
b0qkdyda,33,f9da7l65,11,presurvey,Neighborhood_1,1750869887,1,0,0
b0qkdyda,19,hj893tt4,12,presurvey,Scenario,1750869913,1,0,0
b0qkdyda,17,pa1o0xg8,55,presurvey,Commitment,1750869943,4,0,0
b0qkdyda,17,pa1o0xg8,56,presurvey,FinalPage,1750869951,4,1,0
b0qkdyda,19,hj893tt4,26,presurvey,Scenario,1750869952,2,0,0
b0qkdyda,23,ufj5hvtz,12,presurvey,Scenario,1750869956,1,0,0
b0qkdyda,21,xunbr9hq,55,presurvey,Commitment,1750869982,4,0,0
b0qkdyda,19,hj893tt4,40,presurvey,Scenario,1750869988,3,0,0
b0qkdyda,21,xunbr9hq,56,presurvey,FinalPage,1750869990,4,1,0
b0qkdyda,35,y29eynub,1,presurvey,Introduction,1750870001,1,0,0
b0qkdyda,23,ufj5hvtz,26,presurvey,Scenario,1750870008,2,0,0
b0qkdyda,19,hj893tt4,54,presurvey,Scenario,1750870015,4,0,0
b0qkdyda,19,hj893tt4,55,presurvey,Commitment,1750870033,4,0,0
b0qkdyda,23,ufj5hvtz,40,presurvey,Scenario,1750870034,3,0,0
b0qkdyda,19,hj893tt4,56,presurvey,FinalPage,1750870038,4,1,0
b0qkdyda,23,ufj5hvtz,54,presurvey,Scenario,1750870047,4,0,0
b0qkdyda,33,f9da7l65,12,presurvey,Scenario,1750870069,1,0,0
b0qkdyda,35,y29eynub,2,presurvey,Demographics,1750870105,1,0,0
b0qkdyda,26,rcehnz9d,57,mock,GroupingWaitPage,1750870112,1,0,1
b0qkdyda,26,rcehnz9d,58,mock,GroupSizeWaitPage,1750870113,1,0,1
b0qkdyda,23,ufj5hvtz,55,presurvey,Commitment,1750870131,4,0,0
b0qkdyda,23,ufj5hvtz,56,presurvey,FinalPage,1750870140,4,1,0
b0qkdyda,35,y29eynub,3,presurvey,NeighborhoodInstruction,1750870161,1,0,0
b0qkdyda,35,y29eynub,4,presurvey,Neighborhood,1750870186,1,0,0
b0qkdyda,33,f9da7l65,26,presurvey,Scenario,1750870192,2,0,0
b0qkdyda,18,zh3yr0r0,57,mock,GroupingWaitPage,1750870236,1,0,1
b0qkdyda,18,zh3yr0r0,58,mock,GroupSizeWaitPage,1750870238,1,0,1
b0qkdyda,33,f9da7l65,40,presurvey,Scenario,1750870242,3,0,0
b0qkdyda,35,y29eynub,5,presurvey,Training,1750870249,1,0,0
b0qkdyda,35,y29eynub,6,presurvey,TrainingNeighbor_1,1750870283,1,0,0
b0qkdyda,28,lp1657ei,57,mock,GroupingWaitPage,1750870293,1,0,1
b0qkdyda,28,lp1657ei,58,mock,GroupSizeWaitPage,1750870294,1,0,1
b0qkdyda,35,y29eynub,10,presurvey,ExperimentInstruction,1750870303,1,0,0
b0qkdyda,34,3swu5927,12,presurvey,Scenario,1750870311,1,0,0
b0qkdyda,35,y29eynub,11,presurvey,Neighborhood_1,1750870314,1,0,0
b0qkdyda,32,vd2dzc0r,57,mock,GroupingWaitPage,1750870329,1,0,1
b0qkdyda,32,vd2dzc0r,58,mock,GroupSizeWaitPage,1750870331,1,0,1
b0qkdyda,5,p7a8u6kq,57,mock,GroupingWaitPage,1750870346,1,0,1
b0qkdyda,5,p7a8u6kq,58,mock,GroupSizeWaitPage,1750870348,1,0,1
b0qkdyda,33,f9da7l65,54,presurvey,Scenario,1750870353,4,0,0
b0qkdyda,36,13negy94,0,,InitializeParticipant,1750870362,1,0,0
b0qkdyda,35,y29eynub,12,presurvey,Scenario,1750870367,1,0,0
b0qkdyda,25,t4okpeas,57,mock,GroupingWaitPage,1750870373,1,0,1
b0qkdyda,25,t4okpeas,58,mock,GroupSizeWaitPage,1750870375,1,0,1
b0qkdyda,35,y29eynub,26,presurvey,Scenario,1750870411,2,0,0
b0qkdyda,36,13negy94,1,presurvey,Introduction,1750870420,1,0,0
b0qkdyda,35,y29eynub,40,presurvey,Scenario,1750870443,3,0,0
b0qkdyda,37,z461n9k1,0,,InitializeParticipant,1750870463,1,0,0
b0qkdyda,35,y29eynub,54,presurvey,Scenario,1750870471,4,0,0
b0qkdyda,30,u5sxozk9,57,mock,GroupingWaitPage,1750870473,1,0,1
b0qkdyda,30,u5sxozk9,58,mock,GroupSizeWaitPage,1750870486,1,0,1
b0qkdyda,36,13negy94,2,presurvey,Demographics,1750870489,1,0,0
b0qkdyda,35,y29eynub,55,presurvey,Commitment,1750870515,4,0,0
b0qkdyda,35,y29eynub,56,presurvey,FinalPage,1750870522,4,1,0
b0qkdyda,36,13negy94,3,presurvey,NeighborhoodInstruction,1750870546,1,0,0
b0qkdyda,17,pa1o0xg8,57,mock,GroupingWaitPage,1750870554,1,0,1
b0qkdyda,17,pa1o0xg8,58,mock,GroupSizeWaitPage,1750870555,1,0,1
b0qkdyda,21,xunbr9hq,57,mock,GroupingWaitPage,1750870597,1,0,1
b0qkdyda,21,xunbr9hq,58,mock,GroupSizeWaitPage,1750870598,1,0,1
b0qkdyda,37,z461n9k1,1,presurvey,Introduction,1750870634,1,0,0
b0qkdyda,36,13negy94,4,presurvey,Neighborhood,1750870642,1,0,0
b0qkdyda,37,z461n9k1,2,presurvey,Demographics,1750870663,1,0,0
b0qkdyda,37,z461n9k1,3,presurvey,NeighborhoodInstruction,1750870680,1,0,0
b0qkdyda,19,hj893tt4,57,mock,GroupingWaitPage,1750870689,1,0,1
b0qkdyda,19,hj893tt4,58,mock,GroupSizeWaitPage,1750870689,1,0,1
b0qkdyda,33,f9da7l65,55,presurvey,Commitment,1750870702,4,0,0
b0qkdyda,33,f9da7l65,56,presurvey,FinalPage,1750870709,4,1,0
b0qkdyda,36,13negy94,5,presurvey,Training,1750870710,1,0,0
b0qkdyda,36,13negy94,6,presurvey,TrainingNeighbor_1,1750870737,1,0,0
b0qkdyda,36,13negy94,10,presurvey,ExperimentInstruction,1750870749,1,0,0
b0qkdyda,23,ufj5hvtz,57,mock,GroupingWaitPage,1750870752,1,0,1
b0qkdyda,36,13negy94,11,presurvey,Neighborhood_1,1750870754,1,0,0
b0qkdyda,23,ufj5hvtz,58,mock,GroupSizeWaitPage,1750870754,1,0,1
b0qkdyda,37,z461n9k1,4,presurvey,Neighborhood,1750870776,1,0,0
b0qkdyda,29,7thukmn2,57,mock,GroupingWaitPage,1750870802,1,0,1
b0qkdyda,29,7thukmn2,58,mock,GroupSizeWaitPage,1750870803,1,0,1
b0qkdyda,36,13negy94,12,presurvey,Scenario,1750870823,1,0,0
b0qkdyda,36,13negy94,26,presurvey,Scenario,1750870853,2,0,0
b0qkdyda,37,z461n9k1,5,presurvey,Training,1750870884,1,0,0
b0qkdyda,36,13negy94,40,presurvey,Scenario,1750870903,3,0,0
b0qkdyda,36,13negy94,54,presurvey,Scenario,1750870949,4,0,0
b0qkdyda,36,13negy94,55,presurvey,Commitment,1750870975,4,0,0
b0qkdyda,36,13negy94,56,presurvey,FinalPage,1750870981,4,1,0
b0qkdyda,37,z461n9k1,6,presurvey,TrainingNeighbor_1,1750871013,1,0,0
b0qkdyda,37,z461n9k1,10,presurvey,ExperimentInstruction,1750871038,1,0,0
b0qkdyda,37,z461n9k1,11,presurvey,Neighborhood_1,1750871044,1,0,0
b0qkdyda,35,y29eynub,57,mock,GroupingWaitPage,1750871127,1,0,1
b0qkdyda,35,y29eynub,58,mock,GroupSizeWaitPage,1750871128,1,0,1
b0qkdyda,37,z461n9k1,12,presurvey,Scenario,1750871145,1,0,0
b0qkdyda,37,z461n9k1,26,presurvey,Scenario,1750871200,2,0,0
b0qkdyda,37,z461n9k1,40,presurvey,Scenario,1750871285,3,0,0
b0qkdyda,33,f9da7l65,57,mock,GroupingWaitPage,1750871323,1,0,1
b0qkdyda,33,f9da7l65,58,mock,GroupSizeWaitPage,1750871324,1,0,1
b0qkdyda,37,z461n9k1,54,presurvey,Scenario,1750871328,4,0,0
b0qkdyda,37,z461n9k1,55,presurvey,Commitment,1750871377,4,0,0
b0qkdyda,37,z461n9k1,56,presurvey,FinalPage,1750871384,4,1,0
b0qkdyda,36,13negy94,57,mock,GroupingWaitPage,1750871596,1,0,1
b0qkdyda,36,13negy94,58,mock,GroupSizeWaitPage,1750871597,1,0,1
b0qkdyda,37,z461n9k1,57,mock,GroupingWaitPage,1750872004,1,0,1
b0qkdyda,37,z461n9k1,58,mock,GroupSizeWaitPage,1750872004,1,0,1
