participant.id_in_session,participant.code,participant.label,participant._is_bot,participant._index_in_pages,participant._max_page_index,participant._current_app_name,participant._current_page_name,participant.time_started_utc,participant.visited,participant.mturk_worker_id,participant.mturk_assignment_id,participant.payoff,participant.audio_unlocked,participant.gives_consent,participant.training_attempt,participant.training_success,participant.no_consent,participant.failed_commitment,participant.treatment,participant.scenario_order,participant.all_responses,participant.wait_page_arrival,participant.failed_attention_check,participant.active,participant.single_group,participant.reason,participant.player_ids,participant.group_size,participant.is_group_single,participant.scenario,participant.anticonformist,participant.position,participant.own_faction,participant.other_faction,participant.discussion_grp,participant.complete_presurvey,participant.eligible_notneutral,participant.forced_response_counter,participant.away_long,participant.positive,participant.nudge_training,participant.correct_nudge_training,participant.nudge_training_two,participant.nudge_training_three,participant.last_active,participant.forced_response_remaining,participant.control,participant.too_many_forced,session.code,session.label,session.mturk_HITId,session.mturk_HITGroupId,session.comment,session.is_demo,session.config.real_world_currency_per_point,session.config.maxbonuslink,session.config.SCE,session.config.N08_p99,session.config.waitingbonuslink,session.config.N04_p99,session.config.returnlink,session.config.N08_p00,session.config.N04_p00,session.config.N08_p25,session.config.N08_p50,session.config.screenedoutlink,session.config.N04_p50,session.config.name,session.config.N04_p25,session.config.participation_fee,session.combined_responses,session.scenario_counts,session.N04_p00,session.N04_p25,session.N04_p50,session.N08_p00,session.N08_p25,session.N08_p50,session.N08_p99,session.N04_p99,session.MAX_N04_p00,session.MAX_N04_p25,session.MAX_N04_p50,session.MAX_N08_p00,session.MAX_N08_p25,session.MAX_N08_p50,session.MAX_N08_p99,session.MAX_N04_p99,session.SCE,session.start_time,presurvey.1.player.id_in_group,presurvey.1.player.role,presurvey.1.player.payoff,presurvey.1.player.id,presurvey.1.player._payoff,presurvey.1.player.round_number,presurvey.1.player._role,presurvey.1.player.gives_consent,presurvey.1.player.scenario_code,presurvey.1.player.dropout,presurvey.1.player.audio_unlocked,presurvey.1.player.age,presurvey.1.player.gender,presurvey.1.player.education_lvl,presurvey.1.player.neighborhood_type,presurvey.1.player.political_affiliation,presurvey.1.player.audio_answer,presurvey.1.player.audio_answer_image,presurvey.1.player.response,presurvey.1.player.test_scenario,presurvey.1.player.dilemmatopic,presurvey.1.player.majority,presurvey.1.player.howmanyneighbors,presurvey.1.player.total_correct,presurvey.1.player.training_counter,presurvey.1.player.attention_check,presurvey.1.player.political_charge,presurvey.1.player.emotional_charge,presurvey.1.player.commit_attention_Q1,presurvey.1.player.commit_attention_Q2,presurvey.1.player.commit_attention_Q3,presurvey.1.player.subsession_id,presurvey.1.player.group_id,presurvey.1.player.participant_id,presurvey.1.player.session_id,presurvey.1.group.id_in_subsession,presurvey.1.group.id,presurvey.1.group.round_number,presurvey.1.group.subsession_id,presurvey.1.group.session_id,presurvey.1.subsession.round_number,presurvey.1.subsession.id,presurvey.1.subsession.session_id,mock.1.player.id_in_group,mock.1.player.role,mock.1.player.payoff,mock.1.player.id,mock.1.player._payoff,mock.1.player.round_number,mock.1.player._role,mock.1.player.scenario,mock.1.player.discussion_grp,mock.1.player.old_response,mock.1.player.new_response,mock.1.player.forced_response,mock.1.player.nudge_training,mock.1.player.nudge_training_two,mock.1.player.nudge_training_three,mock.1.player.nudge_training_text,mock.1.player.correct_nudge_training,mock.1.player.old_response_text,mock.1.player.attention_check,mock.1.player.prev_majority,mock.1.player.neighbor_responses,mock.1.player.subsession_id,mock.1.player.group_id,mock.1.player.participant_id,mock.1.player.session_id,mock.1.group.id_in_subsession,mock.1.group.id,mock.1.group.round_number,mock.1.group.group_size,mock.1.group.is_group_single,mock.1.group.beta_50,mock.1.group.anti_prop,mock.1.group.group_responses,mock.1.group.majority_response,mock.1.group.positive_opinion,mock.1.group.subsession_id,mock.1.group.session_id,mock.1.subsession.round_number,mock.1.subsession.id,mock.1.subsession.session_id,mock.2.player.id_in_group,mock.2.player.role,mock.2.player.payoff,mock.2.player.id,mock.2.player._payoff,mock.2.player.round_number,mock.2.player._role,mock.2.player.scenario,mock.2.player.discussion_grp,mock.2.player.old_response,mock.2.player.new_response,mock.2.player.forced_response,mock.2.player.nudge_training,mock.2.player.nudge_training_two,mock.2.player.nudge_training_three,mock.2.player.nudge_training_text,mock.2.player.correct_nudge_training,mock.2.player.old_response_text,mock.2.player.attention_check,mock.2.player.prev_majority,mock.2.player.neighbor_responses,mock.2.player.subsession_id,mock.2.player.group_id,mock.2.player.participant_id,mock.2.player.session_id,mock.2.group.id_in_subsession,mock.2.group.id,mock.2.group.round_number,mock.2.group.group_size,mock.2.group.is_group_single,mock.2.group.beta_50,mock.2.group.anti_prop,mock.2.group.group_responses,mock.2.group.majority_response,mock.2.group.positive_opinion,mock.2.group.subsession_id,mock.2.group.session_id,mock.2.subsession.round_number,mock.2.subsession.id,mock.2.subsession.session_id,mock.3.player.id_in_group,mock.3.player.role,mock.3.player.payoff,mock.3.player.id,mock.3.player._payoff,mock.3.player.round_number,mock.3.player._role,mock.3.player.scenario,mock.3.player.discussion_grp,mock.3.player.old_response,mock.3.player.new_response,mock.3.player.forced_response,mock.3.player.nudge_training,mock.3.player.nudge_training_two,mock.3.player.nudge_training_three,mock.3.player.nudge_training_text,mock.3.player.correct_nudge_training,mock.3.player.old_response_text,mock.3.player.attention_check,mock.3.player.prev_majority,mock.3.player.neighbor_responses,mock.3.player.subsession_id,mock.3.player.group_id,mock.3.player.participant_id,mock.3.player.session_id,mock.3.group.id_in_subsession,mock.3.group.id,mock.3.group.round_number,mock.3.group.group_size,mock.3.group.is_group_single,mock.3.group.beta_50,mock.3.group.anti_prop,mock.3.group.group_responses,mock.3.group.majority_response,mock.3.group.positive_opinion,mock.3.group.subsession_id,mock.3.group.session_id,mock.3.subsession.round_number,mock.3.subsession.id,mock.3.subsession.session_id,noPay.1.player.id_in_group,noPay.1.player.role,noPay.1.player.payoff,noPay.1.player.id,noPay.1.player._payoff,noPay.1.player.round_number,noPay.1.player._role,noPay.1.player.feedback_final,noPay.1.player.subsession_id,noPay.1.player.group_id,noPay.1.player.participant_id,noPay.1.player.session_id,noPay.1.group.id_in_subsession,noPay.1.group.id,noPay.1.group.round_number,noPay.1.group.subsession_id,noPay.1.group.session_id,noPay.1.subsession.round_number,noPay.1.subsession.id,noPay.1.subsession.session_id,Pay.1.player.id_in_group,Pay.1.player.role,Pay.1.player.payoff,Pay.1.player.id,Pay.1.player._payoff,Pay.1.player.round_number,Pay.1.player._role,Pay.1.player.feedback_final,Pay.1.player.future_participation,Pay.1.player.subsession_id,Pay.1.player.group_id,Pay.1.player.participant_id,Pay.1.player.session_id,Pay.1.group.id_in_subsession,Pay.1.group.id,Pay.1.group.round_number,Pay.1.group.subsession_id,Pay.1.group.session_id,Pay.1.subsession.round_number,Pay.1.subsession.id,Pay.1.subsession.session_id
1,7vnaabdy,,1,49,48,Pay,MyPage,2025-10-21 19:40:41.968812,1,,,0.0,1,1,3,1,,0,,"[{'Topic': 'Immigrants', 'Scenario_no': '1b', 'code': 's2_n', 'Title': 'The New Family in the Neighborhood', 'PoliticalFrame': 'non-political', 'Text': ""A new family wants to move into one of the houses in the neighborhood. Some neighbors are saying that it's good to have new members in the community and even help them to move in. Others, however, are concerned because adding yet another family might overwhelm the community services so they suggest interviewing the family before allowing them to move in. Some say that we can let them move in but not go the extra step to help them move."", 'Against': 'Interview the family first', 'Neutral': 'Let the family move in', 'For': 'Provide help with moving in'}]",{'s2_n': -1},1761075586.0736244,0,1,0,"Thanks for participating! Since you completed the entire study, you will receive the bonus payment.",,N04,0,s2_n,0,,"['q53d4hev', '708f88gj', 'ih7k9oha']",[],"['q53d4hev', '708f88gj', 'ih7k9oha']",1,1,0,0,0,1,1,1,1,,3,0,0,04odye62,,,,,0,1.0, https://app.prolific.com/submissions/complete?cc=C1AKEBMQ,s2_n,0,https://app.prolific.com/submissions/complete?cc=CMKI4JO9,0,https://app.prolific.com/submissions/complete?cc=CUN28996,10,1,0,4,https://app.prolific.com/submissions/complete?cc=CSD7X9S6,1,p50_p00_fullexperiment_20251016,0,0.0,"{'7vnaabdy': {'s2_n': -1}, '708f88gj': {'s2_n': -1}, 'ih7k9oha': {'s2_n': -1}, 'q53d4hev': {'s2_n': -1}, 't7vyxnr4': {'s2_n': -1}, 'r82af20r': {'s2_n': -1}, 'tp2122jz': {'s2_n': -1}, '4cqra1nu': {'s2_n': -1}, '90c1ebqk': {'s2_n': -1}, 'v7syvx1d': {'s2_n': -1}, 'myznkkrl': {'s2_n': -1}, 'pmsj3m0y': {'s2_n': -1}, '7dq83p5c': {'s2_n': -1}, 'l5jtfbfs': {'s2_n': -1}, 'dcmyqmnf': {'s2_n': -1}, 'f9p6511c': {'s2_n': -1}, 'jj776lrn': {'s2_n': 1}, '6viraraz': {'s2_n': 1}, 'vokbiu9j': {'s2_n': 1}, '3fiusojt': {'s2_n': 1}, 'kr4w2a1s': {'s2_n': -1}, 'uao3trmk': {'s2_n': -1}, 'd4g8nkle': {'s2_n': -1}, '7ls27rx2': {'s2_n': -1}}",,2,1,2,0,0,0,0,0,1,0,1,10,0,4,0,0,s2_n,1761075641.5920317,1,,0.0,1,0.0,1,,1,s2_n,0,1,34,Woman,Less than high school,Urban,1,4,5,-1,-1,1,1,1,,0,,1,1,1,1,1,1,1,1,1,1,1,1,1,1,1,1,1,2,,0.0,1,0.0,1,,,"['q53d4hev', '708f88gj', 'ih7k9oha']",-1,-1,0,1,1,1,option C,,Interview the family first,0,-1,"[-1, -1, -1]",1,4,1,1,2,4,1,N04,0,0,p00,,,0,1,1,1,1,1,2,,0.0,25,0.0,2,,,"['q53d4hev', '708f88gj', 'ih7k9oha']",-1,-1,0,,,,,,Interview the family first,0,99,"[0, -1, 1]",2,5,1,1,2,5,2,N04,0,0,p00,,,0,2,1,2,2,1,2,,0.0,49,0.0,3,,,"['q53d4hev', '708f88gj', 'ih7k9oha']",-1,-1,0,,,,,,Interview the family first,0,99,"[1, -1, 0]",3,6,1,1,2,6,3,N04,0,0,p00,"[0, -1, -1, 1]",-1,0,3,1,3,3,1,1,,0.0,1,0.0,1,,,1,1,1,1,1,1,1,1,1,1,1,1,1,,0.0,1,0.0,1,,This is a test feedback.,1,1,1,1,1,1,1,1,1,1,1,1,1
2,708f88gj,,1,49,48,Pay,MyPage,2025-10-21 19:40:42.008385,1,,,0.0,1,1,3,1,,0,,"[{'Topic': 'Immigrants', 'Scenario_no': '1b', 'code': 's2_n', 'Title': 'The New Family in the Neighborhood', 'PoliticalFrame': 'non-political', 'Text': ""A new family wants to move into one of the houses in the neighborhood. Some neighbors are saying that it's good to have new members in the community and even help them to move in. Others, however, are concerned because adding yet another family might overwhelm the community services so they suggest interviewing the family before allowing them to move in. Some say that we can let them move in but not go the extra step to help them move."", 'Against': 'Interview the family first', 'Neutral': 'Let the family move in', 'For': 'Provide help with moving in'}]",{'s2_n': -1},1761075584.7499785,0,1,0,"Thanks for participating! Since you completed the entire study, you will receive the bonus payment.",,N04,0,s2_n,0,,"['q53d4hev', '7vnaabdy', 'ih7k9oha']",[],"['q53d4hev', '7vnaabdy', 'ih7k9oha']",1,1,0,0,0,1,1,1,1,,3,0,0,04odye62,,,,,0,1.0, https://app.prolific.com/submissions/complete?cc=C1AKEBMQ,s2_n,0,https://app.prolific.com/submissions/complete?cc=CMKI4JO9,0,https://app.prolific.com/submissions/complete?cc=CUN28996,10,1,0,4,https://app.prolific.com/submissions/complete?cc=CSD7X9S6,1,p50_p00_fullexperiment_20251016,0,0.0,"{'7vnaabdy': {'s2_n': -1}, '708f88gj': {'s2_n': -1}, 'ih7k9oha': {'s2_n': -1}, 'q53d4hev': {'s2_n': -1}, 't7vyxnr4': {'s2_n': -1}, 'r82af20r': {'s2_n': -1}, 'tp2122jz': {'s2_n': -1}, '4cqra1nu': {'s2_n': -1}, '90c1ebqk': {'s2_n': -1}, 'v7syvx1d': {'s2_n': -1}, 'myznkkrl': {'s2_n': -1}, 'pmsj3m0y': {'s2_n': -1}, '7dq83p5c': {'s2_n': -1}, 'l5jtfbfs': {'s2_n': -1}, 'dcmyqmnf': {'s2_n': -1}, 'f9p6511c': {'s2_n': -1}, 'jj776lrn': {'s2_n': 1}, '6viraraz': {'s2_n': 1}, 'vokbiu9j': {'s2_n': 1}, '3fiusojt': {'s2_n': 1}, 'kr4w2a1s': {'s2_n': -1}, 'uao3trmk': {'s2_n': -1}, 'd4g8nkle': {'s2_n': -1}, '7ls27rx2': {'s2_n': -1}}",,2,1,2,0,0,0,0,0,1,0,1,10,0,4,0,0,s2_n,1761075641.5920317,2,,0.0,2,0.0,1,,1,s2_n,0,1,34,Woman,Less than high school,Urban,1,4,5,-1,-1,1,1,1,,0,,1,1,1,1,1,1,1,2,1,1,1,1,1,1,1,1,1,3,,0.0,2,0.0,1,,,"['q53d4hev', '7vnaabdy', 'ih7k9oha']",-1,-1,0,1,1,1,option C,,Interview the family first,0,-1,"[-1, -1, -1]",1,4,2,1,2,4,1,N04,0,0,p00,,,0,1,1,1,1,1,3,,0.0,26,0.0,2,,,"['q53d4hev', '7vnaabdy', 'ih7k9oha']",-1,-1,0,,,,,,Interview the family first,0,99,"[0, -1, 1]",2,5,2,1,2,5,2,N04,0,0,p00,,,0,2,1,2,2,1,3,,0.0,50,0.0,3,,,"['q53d4hev', '7vnaabdy', 'ih7k9oha']",-1,-1,0,,,,,,Interview the family first,0,99,"[1, -1, 0]",3,6,2,1,2,6,3,N04,0,0,p00,"[0, -1, -1, 1]",-1,0,3,1,3,3,1,2,,0.0,2,0.0,1,,,1,1,2,1,1,1,1,1,1,1,1,1,2,,0.0,2,0.0,1,,This is a test feedback.,1,1,1,2,1,1,1,1,1,1,1,1,1
3,ih7k9oha,,1,49,48,Pay,MyPage,2025-10-21 19:40:42.020163,1,,,0.0,1,1,3,1,,0,,"[{'Topic': 'Immigrants', 'Scenario_no': '1b', 'code': 's2_n', 'Title': 'The New Family in the Neighborhood', 'PoliticalFrame': 'non-political', 'Text': ""A new family wants to move into one of the houses in the neighborhood. Some neighbors are saying that it's good to have new members in the community and even help them to move in. Others, however, are concerned because adding yet another family might overwhelm the community services so they suggest interviewing the family before allowing them to move in. Some say that we can let them move in but not go the extra step to help them move."", 'Against': 'Interview the family first', 'Neutral': 'Let the family move in', 'For': 'Provide help with moving in'}]",{'s2_n': -1},1761075584.8291044,0,1,0,"Thanks for participating! Since you completed the entire study, you will receive the bonus payment.",,N04,0,s2_n,0,,"['q53d4hev', '7vnaabdy', '708f88gj']",[],"['q53d4hev', '7vnaabdy', '708f88gj']",1,1,0,0,0,1,1,1,1,,3,0,0,04odye62,,,,,0,1.0, https://app.prolific.com/submissions/complete?cc=C1AKEBMQ,s2_n,0,https://app.prolific.com/submissions/complete?cc=CMKI4JO9,0,https://app.prolific.com/submissions/complete?cc=CUN28996,10,1,0,4,https://app.prolific.com/submissions/complete?cc=CSD7X9S6,1,p50_p00_fullexperiment_20251016,0,0.0,"{'7vnaabdy': {'s2_n': -1}, '708f88gj': {'s2_n': -1}, 'ih7k9oha': {'s2_n': -1}, 'q53d4hev': {'s2_n': -1}, 't7vyxnr4': {'s2_n': -1}, 'r82af20r': {'s2_n': -1}, 'tp2122jz': {'s2_n': -1}, '4cqra1nu': {'s2_n': -1}, '90c1ebqk': {'s2_n': -1}, 'v7syvx1d': {'s2_n': -1}, 'myznkkrl': {'s2_n': -1}, 'pmsj3m0y': {'s2_n': -1}, '7dq83p5c': {'s2_n': -1}, 'l5jtfbfs': {'s2_n': -1}, 'dcmyqmnf': {'s2_n': -1}, 'f9p6511c': {'s2_n': -1}, 'jj776lrn': {'s2_n': 1}, '6viraraz': {'s2_n': 1}, 'vokbiu9j': {'s2_n': 1}, '3fiusojt': {'s2_n': 1}, 'kr4w2a1s': {'s2_n': -1}, 'uao3trmk': {'s2_n': -1}, 'd4g8nkle': {'s2_n': -1}, '7ls27rx2': {'s2_n': -1}}",,2,1,2,0,0,0,0,0,1,0,1,10,0,4,0,0,s2_n,1761075641.5920317,3,,0.0,3,0.0,1,,1,s2_n,0,1,34,Woman,Less than high school,Urban,1,4,5,-1,-1,1,1,1,,0,,1,1,1,1,1,1,1,3,1,1,1,1,1,1,1,1,1,4,,0.0,3,0.0,1,,,"['q53d4hev', '7vnaabdy', '708f88gj']",-1,1,0,1,1,1,option C,,Interview the family first,0,-1,"[-1, -1, -1]",1,4,3,1,2,4,1,N04,0,0,p00,,,0,1,1,1,1,1,4,,0.0,27,0.0,2,,,"['q53d4hev', '7vnaabdy', '708f88gj']",1,0,0,,,,,,Provide help with moving in,0,-1,"[0, -1, -1]",2,5,3,1,2,5,2,N04,0,0,p00,,,0,2,1,2,2,1,4,,0.0,51,0.0,3,,,"['q53d4hev', '7vnaabdy', '708f88gj']",0,1,0,,,,,,Let the family move in,0,-1,"[1, -1, -1]",3,6,3,1,2,6,3,N04,0,0,p00,"[0, -1, -1, 1]",-1,0,3,1,3,3,1,3,,0.0,3,0.0,1,,,1,1,3,1,1,1,1,1,1,1,1,1,3,,0.0,3,0.0,1,,This is a test feedback.,1,1,1,3,1,1,1,1,1,1,1,1,1
4,q53d4hev,,1,49,48,Pay,MyPage,2025-10-21 19:40:42.033218,1,,,0.0,1,1,3,1,,0,,"[{'Topic': 'Immigrants', 'Scenario_no': '1b', 'code': 's2_n', 'Title': 'The New Family in the Neighborhood', 'PoliticalFrame': 'non-political', 'Text': ""A new family wants to move into one of the houses in the neighborhood. Some neighbors are saying that it's good to have new members in the community and even help them to move in. Others, however, are concerned because adding yet another family might overwhelm the community services so they suggest interviewing the family before allowing them to move in. Some say that we can let them move in but not go the extra step to help them move."", 'Against': 'Interview the family first', 'Neutral': 'Let the family move in', 'For': 'Provide help with moving in'}]",{'s2_n': -1},1761075584.905904,0,1,0,"Thanks for participating! Since you completed the entire study, you will receive the bonus payment.",,N04,0,s2_n,0,,"['7vnaabdy', '708f88gj', 'ih7k9oha']",[],"['7vnaabdy', '708f88gj', 'ih7k9oha']",1,1,0,0,0,1,1,1,1,,3,0,0,04odye62,,,,,0,1.0, https://app.prolific.com/submissions/complete?cc=C1AKEBMQ,s2_n,0,https://app.prolific.com/submissions/complete?cc=CMKI4JO9,0,https://app.prolific.com/submissions/complete?cc=CUN28996,10,1,0,4,https://app.prolific.com/submissions/complete?cc=CSD7X9S6,1,p50_p00_fullexperiment_20251016,0,0.0,"{'7vnaabdy': {'s2_n': -1}, '708f88gj': {'s2_n': -1}, 'ih7k9oha': {'s2_n': -1}, 'q53d4hev': {'s2_n': -1}, 't7vyxnr4': {'s2_n': -1}, 'r82af20r': {'s2_n': -1}, 'tp2122jz': {'s2_n': -1}, '4cqra1nu': {'s2_n': -1}, '90c1ebqk': {'s2_n': -1}, 'v7syvx1d': {'s2_n': -1}, 'myznkkrl': {'s2_n': -1}, 'pmsj3m0y': {'s2_n': -1}, '7dq83p5c': {'s2_n': -1}, 'l5jtfbfs': {'s2_n': -1}, 'dcmyqmnf': {'s2_n': -1}, 'f9p6511c': {'s2_n': -1}, 'jj776lrn': {'s2_n': 1}, '6viraraz': {'s2_n': 1}, 'vokbiu9j': {'s2_n': 1}, '3fiusojt': {'s2_n': 1}, 'kr4w2a1s': {'s2_n': -1}, 'uao3trmk': {'s2_n': -1}, 'd4g8nkle': {'s2_n': -1}, '7ls27rx2': {'s2_n': -1}}",,2,1,2,0,0,0,0,0,1,0,1,10,0,4,0,0,s2_n,1761075641.5920317,4,,0.0,4,0.0,1,,1,s2_n,0,1,34,Woman,Less than high school,Urban,1,4,5,-1,-1,1,1,1,,0,,1,1,1,1,1,1,1,4,1,1,1,1,1,1,1,1,1,1,,0.0,4,0.0,1,,,"['7vnaabdy', '708f88gj', 'ih7k9oha']",-1,0,0,1,1,1,option C,,Interview the family first,0,-1,"[-1, -1, -1]",1,4,4,1,2,4,1,N04,0,0,p00,,,0,1,1,1,1,1,1,,0.0,28,0.0,2,,,"['7vnaabdy', '708f88gj', 'ih7k9oha']",0,1,0,,,,,,Let the family move in,0,-1,"[-1, -1, 1]",2,5,4,1,2,5,2,N04,0,0,p00,,,0,2,1,2,2,1,1,,0.0,52,0.0,3,,,"['7vnaabdy', '708f88gj', 'ih7k9oha']",1,0,0,,,,,,Provide help with moving in,0,-1,"[-1, -1, 0]",3,6,4,1,2,6,3,N04,0,0,p00,"[0, -1, -1, 1]",-1,0,3,1,3,3,1,4,,0.0,4,0.0,1,,,1,1,4,1,1,1,1,1,1,1,1,1,4,,0.0,4,0.0,1,,This is a test feedback.,1,1,1,4,1,1,1,1,1,1,1,1,1
5,t7vyxnr4,,1,49,48,Pay,MyPage,2025-10-21 19:40:42.042573,1,,,0.0,1,1,3,1,,0,,"[{'Topic': 'Immigrants', 'Scenario_no': '1b', 'code': 's2_n', 'Title': 'The New Family in the Neighborhood', 'PoliticalFrame': 'non-political', 'Text': ""A new family wants to move into one of the houses in the neighborhood. Some neighbors are saying that it's good to have new members in the community and even help them to move in. Others, however, are concerned because adding yet another family might overwhelm the community services so they suggest interviewing the family before allowing them to move in. Some say that we can let them move in but not go the extra step to help them move."", 'Against': 'Interview the family first', 'Neutral': 'Let the family move in', 'For': 'Provide help with moving in'}]",{'s2_n': -1},1761075586.231071,0,1,0,"Thanks for participating! Since you completed the entire study, you will receive the bonus payment.",,N04,0,s2_n,0,,"['tp2122jz', 'r82af20r', '4cqra1nu']",[],"['tp2122jz', 'r82af20r', '4cqra1nu']",1,1,0,0,0,1,1,1,1,,3,0,0,04odye62,,,,,0,1.0, https://app.prolific.com/submissions/complete?cc=C1AKEBMQ,s2_n,0,https://app.prolific.com/submissions/complete?cc=CMKI4JO9,0,https://app.prolific.com/submissions/complete?cc=CUN28996,10,1,0,4,https://app.prolific.com/submissions/complete?cc=CSD7X9S6,1,p50_p00_fullexperiment_20251016,0,0.0,"{'7vnaabdy': {'s2_n': -1}, '708f88gj': {'s2_n': -1}, 'ih7k9oha': {'s2_n': -1}, 'q53d4hev': {'s2_n': -1}, 't7vyxnr4': {'s2_n': -1}, 'r82af20r': {'s2_n': -1}, 'tp2122jz': {'s2_n': -1}, '4cqra1nu': {'s2_n': -1}, '90c1ebqk': {'s2_n': -1}, 'v7syvx1d': {'s2_n': -1}, 'myznkkrl': {'s2_n': -1}, 'pmsj3m0y': {'s2_n': -1}, '7dq83p5c': {'s2_n': -1}, 'l5jtfbfs': {'s2_n': -1}, 'dcmyqmnf': {'s2_n': -1}, 'f9p6511c': {'s2_n': -1}, 'jj776lrn': {'s2_n': 1}, '6viraraz': {'s2_n': 1}, 'vokbiu9j': {'s2_n': 1}, '3fiusojt': {'s2_n': 1}, 'kr4w2a1s': {'s2_n': -1}, 'uao3trmk': {'s2_n': -1}, 'd4g8nkle': {'s2_n': -1}, '7ls27rx2': {'s2_n': -1}}",,2,1,2,0,0,0,0,0,1,0,1,10,0,4,0,0,s2_n,1761075641.5920317,5,,0.0,5,0.0,1,,1,s2_n,0,1,34,Woman,Less than high school,Urban,1,4,5,-1,-1,1,1,1,,0,,1,1,1,1,1,1,1,5,1,1,1,1,1,1,1,1,1,1,,0.0,5,0.0,1,,,"['tp2122jz', 'r82af20r', '4cqra1nu']",-1,1,0,1,1,1,option C,,Interview the family first,0,-1,"[-1, -1, -1]",1,7,5,1,3,7,1,N04,0,0,p50,,,0,1,1,1,1,1,1,,0.0,29,0.0,2,,,"['tp2122jz', 'r82af20r', '4cqra1nu']",1,0,0,,,,,,Provide help with moving in,0,1,"[1, 0, 1]",2,8,5,1,3,8,2,N04,0,0,p50,,,0,2,1,2,2,1,1,,0.0,53,0.0,3,,,"['tp2122jz', 'r82af20r', '4cqra1nu']",0,-1,0,,,,,,Let the family move in,0,1,"[1, -1, 1]",3,9,5,1,3,9,3,N04,0,0,p50,"[-1, 1, 0, 0]",0,0,3,1,3,3,1,5,,0.0,5,0.0,1,,,1,1,5,1,1,1,1,1,1,1,1,1,5,,0.0,5,0.0,1,,This is a test feedback.,1,1,1,5,1,1,1,1,1,1,1,1,1
6,r82af20r,,1,49,48,Pay,MyPage,2025-10-21 19:40:42.052579,1,,,0.0,1,1,3,1,,0,,"[{'Topic': 'Immigrants', 'Scenario_no': '1b', 'code': 's2_n', 'Title': 'The New Family in the Neighborhood', 'PoliticalFrame': 'non-political', 'Text': ""A new family wants to move into one of the houses in the neighborhood. Some neighbors are saying that it's good to have new members in the community and even help them to move in. Others, however, are concerned because adding yet another family might overwhelm the community services so they suggest interviewing the family before allowing them to move in. Some say that we can let them move in but not go the extra step to help them move."", 'Against': 'Interview the family first', 'Neutral': 'Let the family move in', 'For': 'Provide help with moving in'}]",{'s2_n': -1},1761075585.0022798,0,1,0,"Thanks for participating! Since you completed the entire study, you will receive the bonus payment.",,N04,0,s2_n,1,,"['t7vyxnr4', 'tp2122jz', '4cqra1nu']",[],"['t7vyxnr4', 'tp2122jz', '4cqra1nu']",1,1,0,0,0,1,0,1,1,,3,0,0,04odye62,,,,,0,1.0, https://app.prolific.com/submissions/complete?cc=C1AKEBMQ,s2_n,0,https://app.prolific.com/submissions/complete?cc=CMKI4JO9,0,https://app.prolific.com/submissions/complete?cc=CUN28996,10,1,0,4,https://app.prolific.com/submissions/complete?cc=CSD7X9S6,1,p50_p00_fullexperiment_20251016,0,0.0,"{'7vnaabdy': {'s2_n': -1}, '708f88gj': {'s2_n': -1}, 'ih7k9oha': {'s2_n': -1}, 'q53d4hev': {'s2_n': -1}, 't7vyxnr4': {'s2_n': -1}, 'r82af20r': {'s2_n': -1}, 'tp2122jz': {'s2_n': -1}, '4cqra1nu': {'s2_n': -1}, '90c1ebqk': {'s2_n': -1}, 'v7syvx1d': {'s2_n': -1}, 'myznkkrl': {'s2_n': -1}, 'pmsj3m0y': {'s2_n': -1}, '7dq83p5c': {'s2_n': -1}, 'l5jtfbfs': {'s2_n': -1}, 'dcmyqmnf': {'s2_n': -1}, 'f9p6511c': {'s2_n': -1}, 'jj776lrn': {'s2_n': 1}, '6viraraz': {'s2_n': 1}, 'vokbiu9j': {'s2_n': 1}, '3fiusojt': {'s2_n': 1}, 'kr4w2a1s': {'s2_n': -1}, 'uao3trmk': {'s2_n': -1}, 'd4g8nkle': {'s2_n': -1}, '7ls27rx2': {'s2_n': -1}}",,2,1,2,0,0,0,0,0,1,0,1,10,0,4,0,0,s2_n,1761075641.5920317,6,,0.0,6,0.0,1,,1,s2_n,0,1,34,Woman,Less than high school,Urban,1,4,5,-1,-1,1,1,1,,0,,1,1,1,1,1,1,1,6,1,1,1,1,1,1,1,1,1,3,,0.0,6,0.0,1,,,"['t7vyxnr4', 'tp2122jz', '4cqra1nu']",-1,0,0,1,1,1,option C,,Interview the family first,0,-1,"[-1, -1, -1]",1,7,6,1,3,7,1,N04,0,0,p50,,,0,1,1,1,1,1,3,,0.0,30,0.0,2,,,"['t7vyxnr4', 'tp2122jz', '4cqra1nu']",0,-1,0,,,,,,Let the family move in,0,1,"[1, 1, 1]",2,8,6,1,3,8,2,N04,0,0,p50,,,0,2,1,2,2,1,3,,0.0,54,0.0,3,,,"['t7vyxnr4', 'tp2122jz', '4cqra1nu']",-1,0,0,,,,,,Interview the family first,0,1,"[0, 1, 1]",3,9,6,1,3,9,3,N04,0,0,p50,"[-1, 1, 0, 0]",0,0,3,1,3,3,1,6,,0.0,6,0.0,1,,,1,1,6,1,1,1,1,1,1,1,1,1,6,,0.0,6,0.0,1,,This is a test feedback.,1,1,1,6,1,1,1,1,1,1,1,1,1
7,tp2122jz,,1,49,48,Pay,MyPage,2025-10-21 19:40:42.059728,1,,,0.0,1,1,3,1,,0,,"[{'Topic': 'Immigrants', 'Scenario_no': '1b', 'code': 's2_n', 'Title': 'The New Family in the Neighborhood', 'PoliticalFrame': 'non-political', 'Text': ""A new family wants to move into one of the houses in the neighborhood. Some neighbors are saying that it's good to have new members in the community and even help them to move in. Others, however, are concerned because adding yet another family might overwhelm the community services so they suggest interviewing the family before allowing them to move in. Some say that we can let them move in but not go the extra step to help them move."", 'Against': 'Interview the family first', 'Neutral': 'Let the family move in', 'For': 'Provide help with moving in'}]",{'s2_n': -1},1761075585.029704,0,1,0,"Thanks for participating! Since you completed the entire study, you will receive the bonus payment.",,N04,0,s2_n,1,,"['t7vyxnr4', 'r82af20r', '4cqra1nu']",[],"['t7vyxnr4', 'r82af20r', '4cqra1nu']",1,1,0,0,0,1,0,1,1,,3,0,0,04odye62,,,,,0,1.0, https://app.prolific.com/submissions/complete?cc=C1AKEBMQ,s2_n,0,https://app.prolific.com/submissions/complete?cc=CMKI4JO9,0,https://app.prolific.com/submissions/complete?cc=CUN28996,10,1,0,4,https://app.prolific.com/submissions/complete?cc=CSD7X9S6,1,p50_p00_fullexperiment_20251016,0,0.0,"{'7vnaabdy': {'s2_n': -1}, '708f88gj': {'s2_n': -1}, 'ih7k9oha': {'s2_n': -1}, 'q53d4hev': {'s2_n': -1}, 't7vyxnr4': {'s2_n': -1}, 'r82af20r': {'s2_n': -1}, 'tp2122jz': {'s2_n': -1}, '4cqra1nu': {'s2_n': -1}, '90c1ebqk': {'s2_n': -1}, 'v7syvx1d': {'s2_n': -1}, 'myznkkrl': {'s2_n': -1}, 'pmsj3m0y': {'s2_n': -1}, '7dq83p5c': {'s2_n': -1}, 'l5jtfbfs': {'s2_n': -1}, 'dcmyqmnf': {'s2_n': -1}, 'f9p6511c': {'s2_n': -1}, 'jj776lrn': {'s2_n': 1}, '6viraraz': {'s2_n': 1}, 'vokbiu9j': {'s2_n': 1}, '3fiusojt': {'s2_n': 1}, 'kr4w2a1s': {'s2_n': -1}, 'uao3trmk': {'s2_n': -1}, 'd4g8nkle': {'s2_n': -1}, '7ls27rx2': {'s2_n': -1}}",,2,1,2,0,0,0,0,0,1,0,1,10,0,4,0,0,s2_n,1761075641.5920317,7,,0.0,7,0.0,1,,1,s2_n,0,1,34,Woman,Less than high school,Urban,1,4,5,-1,-1,1,1,1,,0,,1,1,1,1,1,1,1,7,1,1,1,1,1,1,1,1,1,2,,0.0,7,0.0,1,,,"['t7vyxnr4', 'r82af20r', '4cqra1nu']",-1,1,0,1,1,1,option C,,Interview the family first,0,-1,"[-1, -1, -1]",1,7,7,1,3,7,1,N04,0,0,p50,,,0,1,1,1,1,1,2,,0.0,31,0.0,2,,,"['t7vyxnr4', 'r82af20r', '4cqra1nu']",1,1,0,,,,,,Provide help with moving in,0,1,"[1, 0, 1]",2,8,7,1,3,8,2,N04,0,0,p50,,,0,2,1,2,2,1,2,,0.0,55,0.0,3,,,"['t7vyxnr4', 'r82af20r', '4cqra1nu']",1,1,0,,,,,,Provide help with moving in,0,99,"[0, -1, 1]",3,9,7,1,3,9,3,N04,0,0,p50,"[-1, 1, 0, 0]",0,0,3,1,3,3,1,7,,0.0,7,0.0,1,,,1,1,7,1,1,1,1,1,1,1,1,1,7,,0.0,7,0.0,1,,This is a test feedback.,1,1,1,7,1,1,1,1,1,1,1,1,1
8,4cqra1nu,,1,49,48,Pay,MyPage,2025-10-21 19:40:42.066892,1,,,0.0,1,1,3,1,,0,,"[{'Topic': 'Immigrants', 'Scenario_no': '1b', 'code': 's2_n', 'Title': 'The New Family in the Neighborhood', 'PoliticalFrame': 'non-political', 'Text': ""A new family wants to move into one of the houses in the neighborhood. Some neighbors are saying that it's good to have new members in the community and even help them to move in. Others, however, are concerned because adding yet another family might overwhelm the community services so they suggest interviewing the family before allowing them to move in. Some say that we can let them move in but not go the extra step to help them move."", 'Against': 'Interview the family first', 'Neutral': 'Let the family move in', 'For': 'Provide help with moving in'}]",{'s2_n': -1},1761075585.0564106,0,1,0,"Thanks for participating! Since you completed the entire study, you will receive the bonus payment.",,N04,0,s2_n,0,,"['t7vyxnr4', 'tp2122jz', 'r82af20r']",[],"['t7vyxnr4', 'tp2122jz', 'r82af20r']",1,1,0,0,0,1,1,1,1,,3,0,0,04odye62,,,,,0,1.0, https://app.prolific.com/submissions/complete?cc=C1AKEBMQ,s2_n,0,https://app.prolific.com/submissions/complete?cc=CMKI4JO9,0,https://app.prolific.com/submissions/complete?cc=CUN28996,10,1,0,4,https://app.prolific.com/submissions/complete?cc=CSD7X9S6,1,p50_p00_fullexperiment_20251016,0,0.0,"{'7vnaabdy': {'s2_n': -1}, '708f88gj': {'s2_n': -1}, 'ih7k9oha': {'s2_n': -1}, 'q53d4hev': {'s2_n': -1}, 't7vyxnr4': {'s2_n': -1}, 'r82af20r': {'s2_n': -1}, 'tp2122jz': {'s2_n': -1}, '4cqra1nu': {'s2_n': -1}, '90c1ebqk': {'s2_n': -1}, 'v7syvx1d': {'s2_n': -1}, 'myznkkrl': {'s2_n': -1}, 'pmsj3m0y': {'s2_n': -1}, '7dq83p5c': {'s2_n': -1}, 'l5jtfbfs': {'s2_n': -1}, 'dcmyqmnf': {'s2_n': -1}, 'f9p6511c': {'s2_n': -1}, 'jj776lrn': {'s2_n': 1}, '6viraraz': {'s2_n': 1}, 'vokbiu9j': {'s2_n': 1}, '3fiusojt': {'s2_n': 1}, 'kr4w2a1s': {'s2_n': -1}, 'uao3trmk': {'s2_n': -1}, 'd4g8nkle': {'s2_n': -1}, '7ls27rx2': {'s2_n': -1}}",,2,1,2,0,0,0,0,0,1,0,1,10,0,4,0,0,s2_n,1761075641.5920317,8,,0.0,8,0.0,1,,1,s2_n,0,1,34,Woman,Less than high school,Urban,1,4,5,-1,-1,1,1,1,,0,,1,1,1,1,1,1,1,8,1,1,1,1,1,1,1,1,1,4,,0.0,8,0.0,1,,,"['t7vyxnr4', 'tp2122jz', 'r82af20r']",-1,1,0,1,1,1,option C,,Interview the family first,0,-1,"[-1, -1, -1]",1,7,8,1,3,7,1,N04,0,0,p50,,,0,1,1,1,1,1,4,,0.0,32,0.0,2,,,"['t7vyxnr4', 'tp2122jz', 'r82af20r']",1,1,0,,,,,,Provide help with moving in,0,1,"[1, 1, 0]",2,8,8,1,3,8,2,N04,0,0,p50,,,0,2,1,2,2,1,4,,0.0,56,0.0,3,,,"['t7vyxnr4', 'tp2122jz', 'r82af20r']",1,0,0,,,,,,Provide help with moving in,0,99,"[0, 1, -1]",3,9,8,1,3,9,3,N04,0,0,p50,"[-1, 1, 0, 0]",0,0,3,1,3,3,1,8,,0.0,8,0.0,1,,,1,1,8,1,1,1,1,1,1,1,1,1,8,,0.0,8,0.0,1,,This is a test feedback.,1,1,1,8,1,1,1,1,1,1,1,1,1
9,90c1ebqk,,1,49,48,Pay,MyPage,2025-10-21 19:40:42.079005,1,,,0.0,1,1,3,1,,0,,"[{'Topic': 'Immigrants', 'Scenario_no': '1b', 'code': 's2_n', 'Title': 'The New Family in the Neighborhood', 'PoliticalFrame': 'non-political', 'Text': ""A new family wants to move into one of the houses in the neighborhood. Some neighbors are saying that it's good to have new members in the community and even help them to move in. Others, however, are concerned because adding yet another family might overwhelm the community services so they suggest interviewing the family before allowing them to move in. Some say that we can let them move in but not go the extra step to help them move."", 'Against': 'Interview the family first', 'Neutral': 'Let the family move in', 'For': 'Provide help with moving in'}]",{'s2_n': -1},1761075586.32922,0,1,0,"Thanks for participating! Since you completed the entire study, you will receive the bonus payment.",,N04,0,s2_n,1,,"['myznkkrl', 'v7syvx1d', 'pmsj3m0y']",[],"['myznkkrl', 'v7syvx1d', 'pmsj3m0y']",1,1,0,0,0,1,0,1,1,,3,0,0,04odye62,,,,,0,1.0, https://app.prolific.com/submissions/complete?cc=C1AKEBMQ,s2_n,0,https://app.prolific.com/submissions/complete?cc=CMKI4JO9,0,https://app.prolific.com/submissions/complete?cc=CUN28996,10,1,0,4,https://app.prolific.com/submissions/complete?cc=CSD7X9S6,1,p50_p00_fullexperiment_20251016,0,0.0,"{'7vnaabdy': {'s2_n': -1}, '708f88gj': {'s2_n': -1}, 'ih7k9oha': {'s2_n': -1}, 'q53d4hev': {'s2_n': -1}, 't7vyxnr4': {'s2_n': -1}, 'r82af20r': {'s2_n': -1}, 'tp2122jz': {'s2_n': -1}, '4cqra1nu': {'s2_n': -1}, '90c1ebqk': {'s2_n': -1}, 'v7syvx1d': {'s2_n': -1}, 'myznkkrl': {'s2_n': -1}, 'pmsj3m0y': {'s2_n': -1}, '7dq83p5c': {'s2_n': -1}, 'l5jtfbfs': {'s2_n': -1}, 'dcmyqmnf': {'s2_n': -1}, 'f9p6511c': {'s2_n': -1}, 'jj776lrn': {'s2_n': 1}, '6viraraz': {'s2_n': 1}, 'vokbiu9j': {'s2_n': 1}, '3fiusojt': {'s2_n': 1}, 'kr4w2a1s': {'s2_n': -1}, 'uao3trmk': {'s2_n': -1}, 'd4g8nkle': {'s2_n': -1}, '7ls27rx2': {'s2_n': -1}}",,2,1,2,0,0,0,0,0,1,0,1,10,0,4,0,0,s2_n,1761075641.5920317,9,,0.0,9,0.0,1,,1,s2_n,0,1,34,Woman,Less than high school,Urban,1,4,5,-1,-1,1,1,1,,0,,1,1,1,1,1,1,1,9,1,1,1,1,1,1,1,1,1,2,,0.0,9,0.0,1,,,"['myznkkrl', 'v7syvx1d', 'pmsj3m0y']",-1,-1,0,1,1,1,option C,,Interview the family first,0,-1,"[-1, -1, -1]",1,10,9,1,4,10,1,N04,0,0,p25,,,0,1,1,1,1,1,2,,0.0,33,0.0,2,,,"['myznkkrl', 'v7syvx1d', 'pmsj3m0y']",-1,-1,0,,,,,,Interview the family first,0,99,"[0, 1, -1]",2,11,9,1,4,11,2,N04,0,0,p25,,,0,2,1,2,2,1,2,,0.0,57,0.0,3,,,"['myznkkrl', 'v7syvx1d', 'pmsj3m0y']",-1,-1,0,,,,,,Interview the family first,0,-1,"[0, -1, -1]",3,12,9,1,4,12,3,N04,0,0,p25,"[0, -1, 0, -1]",99,0,3,1,3,3,1,9,,0.0,9,0.0,1,,,1,1,9,1,1,1,1,1,1,1,1,1,9,,0.0,9,0.0,1,,This is a test feedback.,1,1,1,9,1,1,1,1,1,1,1,1,1
10,v7syvx1d,,1,49,48,Pay,MyPage,2025-10-21 19:40:42.088804,1,,,0.0,1,1,3,1,,0,,"[{'Topic': 'Immigrants', 'Scenario_no': '1b', 'code': 's2_n', 'Title': 'The New Family in the Neighborhood', 'PoliticalFrame': 'non-political', 'Text': ""A new family wants to move into one of the houses in the neighborhood. Some neighbors are saying that it's good to have new members in the community and even help them to move in. Others, however, are concerned because adding yet another family might overwhelm the community services so they suggest interviewing the family before allowing them to move in. Some say that we can let them move in but not go the extra step to help them move."", 'Against': 'Interview the family first', 'Neutral': 'Let the family move in', 'For': 'Provide help with moving in'}]",{'s2_n': -1},1761075585.15295,0,1,0,"Thanks for participating! Since you completed the entire study, you will receive the bonus payment.",,N04,0,s2_n,0,,"['myznkkrl', '90c1ebqk', 'pmsj3m0y']",[],"['myznkkrl', '90c1ebqk', 'pmsj3m0y']",1,1,0,0,0,1,1,1,1,,3,0,0,04odye62,,,,,0,1.0, https://app.prolific.com/submissions/complete?cc=C1AKEBMQ,s2_n,0,https://app.prolific.com/submissions/complete?cc=CMKI4JO9,0,https://app.prolific.com/submissions/complete?cc=CUN28996,10,1,0,4,https://app.prolific.com/submissions/complete?cc=CSD7X9S6,1,p50_p00_fullexperiment_20251016,0,0.0,"{'7vnaabdy': {'s2_n': -1}, '708f88gj': {'s2_n': -1}, 'ih7k9oha': {'s2_n': -1}, 'q53d4hev': {'s2_n': -1}, 't7vyxnr4': {'s2_n': -1}, 'r82af20r': {'s2_n': -1}, 'tp2122jz': {'s2_n': -1}, '4cqra1nu': {'s2_n': -1}, '90c1ebqk': {'s2_n': -1}, 'v7syvx1d': {'s2_n': -1}, 'myznkkrl': {'s2_n': -1}, 'pmsj3m0y': {'s2_n': -1}, '7dq83p5c': {'s2_n': -1}, 'l5jtfbfs': {'s2_n': -1}, 'dcmyqmnf': {'s2_n': -1}, 'f9p6511c': {'s2_n': -1}, 'jj776lrn': {'s2_n': 1}, '6viraraz': {'s2_n': 1}, 'vokbiu9j': {'s2_n': 1}, '3fiusojt': {'s2_n': 1}, 'kr4w2a1s': {'s2_n': -1}, 'uao3trmk': {'s2_n': -1}, 'd4g8nkle': {'s2_n': -1}, '7ls27rx2': {'s2_n': -1}}",,2,1,2,0,0,0,0,0,1,0,1,10,0,4,0,0,s2_n,1761075641.5920317,10,,0.0,10,0.0,1,,1,s2_n,0,1,34,Woman,Less than high school,Urban,1,4,5,-1,-1,1,1,1,,0,,1,1,1,1,1,1,1,10,1,1,1,1,1,1,1,1,1,3,,0.0,10,0.0,1,,,"['myznkkrl', '90c1ebqk', 'pmsj3m0y']",-1,1,0,1,1,1,option C,,Interview the family first,0,-1,"[-1, -1, -1]",1,10,10,1,4,10,1,N04,0,0,p25,,,0,1,1,1,1,1,3,,0.0,34,0.0,2,,,"['myznkkrl', '90c1ebqk', 'pmsj3m0y']",1,-1,0,,,,,,Provide help with moving in,0,-1,"[0, -1, -1]",2,11,10,1,4,11,2,N04,0,0,p25,,,0,2,1,2,2,1,3,,0.0,58,0.0,3,,,"['myznkkrl', '90c1ebqk', 'pmsj3m0y']",-1,0,0,,,,,,Interview the family first,0,-1,"[0, -1, -1]",3,12,10,1,4,12,3,N04,0,0,p25,"[0, -1, 0, -1]",99,0,3,1,3,3,1,10,,0.0,10,0.0,1,,,1,1,10,1,1,1,1,1,1,1,1,1,10,,0.0,10,0.0,1,,This is a test feedback.,1,1,1,10,1,1,1,1,1,1,1,1,1
11,myznkkrl,,1,49,48,Pay,MyPage,2025-10-21 19:40:42.098934,1,,,0.0,1,1,3,1,,0,,"[{'Topic': 'Immigrants', 'Scenario_no': '1b', 'code': 's2_n', 'Title': 'The New Family in the Neighborhood', 'PoliticalFrame': 'non-political', 'Text': ""A new family wants to move into one of the houses in the neighborhood. Some neighbors are saying that it's good to have new members in the community and even help them to move in. Others, however, are concerned because adding yet another family might overwhelm the community services so they suggest interviewing the family before allowing them to move in. Some say that we can let them move in but not go the extra step to help them move."", 'Against': 'Interview the family first', 'Neutral': 'Let the family move in', 'For': 'Provide help with moving in'}]",{'s2_n': -1},1761075585.1882124,0,1,0,"Thanks for participating! Since you completed the entire study, you will receive the bonus payment.",,N04,0,s2_n,0,,"['90c1ebqk', 'v7syvx1d', 'pmsj3m0y']",[],"['90c1ebqk', 'v7syvx1d', 'pmsj3m0y']",1,1,0,0,0,1,1,1,1,,3,0,0,04odye62,,,,,0,1.0, https://app.prolific.com/submissions/complete?cc=C1AKEBMQ,s2_n,0,https://app.prolific.com/submissions/complete?cc=CMKI4JO9,0,https://app.prolific.com/submissions/complete?cc=CUN28996,10,1,0,4,https://app.prolific.com/submissions/complete?cc=CSD7X9S6,1,p50_p00_fullexperiment_20251016,0,0.0,"{'7vnaabdy': {'s2_n': -1}, '708f88gj': {'s2_n': -1}, 'ih7k9oha': {'s2_n': -1}, 'q53d4hev': {'s2_n': -1}, 't7vyxnr4': {'s2_n': -1}, 'r82af20r': {'s2_n': -1}, 'tp2122jz': {'s2_n': -1}, '4cqra1nu': {'s2_n': -1}, '90c1ebqk': {'s2_n': -1}, 'v7syvx1d': {'s2_n': -1}, 'myznkkrl': {'s2_n': -1}, 'pmsj3m0y': {'s2_n': -1}, '7dq83p5c': {'s2_n': -1}, 'l5jtfbfs': {'s2_n': -1}, 'dcmyqmnf': {'s2_n': -1}, 'f9p6511c': {'s2_n': -1}, 'jj776lrn': {'s2_n': 1}, '6viraraz': {'s2_n': 1}, 'vokbiu9j': {'s2_n': 1}, '3fiusojt': {'s2_n': 1}, 'kr4w2a1s': {'s2_n': -1}, 'uao3trmk': {'s2_n': -1}, 'd4g8nkle': {'s2_n': -1}, '7ls27rx2': {'s2_n': -1}}",,2,1,2,0,0,0,0,0,1,0,1,10,0,4,0,0,s2_n,1761075641.5920317,11,,0.0,11,0.0,1,,1,s2_n,0,1,34,Woman,Less than high school,Urban,1,4,5,-1,-1,1,1,1,,0,,1,1,1,1,1,1,1,11,1,1,1,1,1,1,1,1,1,1,,0.0,11,0.0,1,,,"['90c1ebqk', 'v7syvx1d', 'pmsj3m0y']",-1,0,0,1,1,1,option C,,Interview the family first,0,-1,"[-1, -1, -1]",1,10,11,1,4,10,1,N04,0,0,p25,,,0,1,1,1,1,1,1,,0.0,35,0.0,2,,,"['90c1ebqk', 'v7syvx1d', 'pmsj3m0y']",0,0,0,,,,,,Let the family move in,0,-1,"[-1, 1, -1]",2,11,11,1,4,11,2,N04,0,0,p25,,,0,2,1,2,2,1,1,,0.0,59,0.0,3,,,"['90c1ebqk', 'v7syvx1d', 'pmsj3m0y']",0,0,0,,,,,,Let the family move in,0,-1,"[-1, -1, -1]",3,12,11,1,4,12,3,N04,0,0,p25,"[0, -1, 0, -1]",99,0,3,1,3,3,1,11,,0.0,11,0.0,1,,,1,1,11,1,1,1,1,1,1,1,1,1,11,,0.0,11,0.0,1,,This is a test feedback.,1,1,1,11,1,1,1,1,1,1,1,1,1
12,pmsj3m0y,,1,49,48,Pay,MyPage,2025-10-21 19:40:42.109781,1,,,0.0,1,1,3,1,,0,,"[{'Topic': 'Immigrants', 'Scenario_no': '1b', 'code': 's2_n', 'Title': 'The New Family in the Neighborhood', 'PoliticalFrame': 'non-political', 'Text': ""A new family wants to move into one of the houses in the neighborhood. Some neighbors are saying that it's good to have new members in the community and even help them to move in. Others, however, are concerned because adding yet another family might overwhelm the community services so they suggest interviewing the family before allowing them to move in. Some say that we can let them move in but not go the extra step to help them move."", 'Against': 'Interview the family first', 'Neutral': 'Let the family move in', 'For': 'Provide help with moving in'}]",{'s2_n': -1},1761075585.227843,0,1,0,"Thanks for participating! Since you completed the entire study, you will receive the bonus payment.",,N04,0,s2_n,0,,"['myznkkrl', '90c1ebqk', 'v7syvx1d']",[],"['myznkkrl', '90c1ebqk', 'v7syvx1d']",1,1,0,0,0,1,1,1,1,,3,0,0,04odye62,,,,,0,1.0, https://app.prolific.com/submissions/complete?cc=C1AKEBMQ,s2_n,0,https://app.prolific.com/submissions/complete?cc=CMKI4JO9,0,https://app.prolific.com/submissions/complete?cc=CUN28996,10,1,0,4,https://app.prolific.com/submissions/complete?cc=CSD7X9S6,1,p50_p00_fullexperiment_20251016,0,0.0,"{'7vnaabdy': {'s2_n': -1}, '708f88gj': {'s2_n': -1}, 'ih7k9oha': {'s2_n': -1}, 'q53d4hev': {'s2_n': -1}, 't7vyxnr4': {'s2_n': -1}, 'r82af20r': {'s2_n': -1}, 'tp2122jz': {'s2_n': -1}, '4cqra1nu': {'s2_n': -1}, '90c1ebqk': {'s2_n': -1}, 'v7syvx1d': {'s2_n': -1}, 'myznkkrl': {'s2_n': -1}, 'pmsj3m0y': {'s2_n': -1}, '7dq83p5c': {'s2_n': -1}, 'l5jtfbfs': {'s2_n': -1}, 'dcmyqmnf': {'s2_n': -1}, 'f9p6511c': {'s2_n': -1}, 'jj776lrn': {'s2_n': 1}, '6viraraz': {'s2_n': 1}, 'vokbiu9j': {'s2_n': 1}, '3fiusojt': {'s2_n': 1}, 'kr4w2a1s': {'s2_n': -1}, 'uao3trmk': {'s2_n': -1}, 'd4g8nkle': {'s2_n': -1}, '7ls27rx2': {'s2_n': -1}}",,2,1,2,0,0,0,0,0,1,0,1,10,0,4,0,0,s2_n,1761075641.5920317,12,,0.0,12,0.0,1,,1,s2_n,0,1,34,Woman,Less than high school,Urban,1,4,5,-1,-1,1,1,1,,0,,1,1,1,1,1,1,1,12,1,1,1,1,1,1,1,1,1,4,,0.0,12,0.0,1,,,"['myznkkrl', '90c1ebqk', 'v7syvx1d']",-1,-1,0,1,1,1,option C,,Interview the family first,0,-1,"[-1, -1, -1]",1,10,12,1,4,10,1,N04,0,0,p25,,,0,1,1,1,1,1,4,,0.0,36,0.0,2,,,"['myznkkrl', '90c1ebqk', 'v7syvx1d']",-1,-1,0,,,,,,Interview the family first,0,99,"[0, -1, 1]",2,11,12,1,4,11,2,N04,0,0,p25,,,0,2,1,2,2,1,4,,0.0,60,0.0,3,,,"['myznkkrl', '90c1ebqk', 'v7syvx1d']",-1,-1,0,,,,,,Interview the family first,0,-1,"[0, -1, -1]",3,12,12,1,4,12,3,N04,0,0,p25,"[0, -1, 0, -1]",99,0,3,1,3,3,1,12,,0.0,12,0.0,1,,,1,1,12,1,1,1,1,1,1,1,1,1,12,,0.0,12,0.0,1,,This is a test feedback.,1,1,1,12,1,1,1,1,1,1,1,1,1
13,7dq83p5c,,1,49,48,Pay,MyPage,2025-10-21 19:40:42.117780,1,,,0.0,1,1,3,1,,0,,"[{'Topic': 'Immigrants', 'Scenario_no': '1b', 'code': 's2_n', 'Title': 'The New Family in the Neighborhood', 'PoliticalFrame': 'non-political', 'Text': ""A new family wants to move into one of the houses in the neighborhood. Some neighbors are saying that it's good to have new members in the community and even help them to move in. Others, however, are concerned because adding yet another family might overwhelm the community services so they suggest interviewing the family before allowing them to move in. Some say that we can let them move in but not go the extra step to help them move."", 'Against': 'Interview the family first', 'Neutral': 'Let the family move in', 'For': 'Provide help with moving in'}]",{'s2_n': -1},1761075586.4166138,0,1,0,"Thanks for participating! Since you completed the entire study, you will receive the bonus payment.",,N04,0,s2_n,0,,"['f9p6511c', 'dcmyqmnf', 'l5jtfbfs']",[],"['f9p6511c', 'dcmyqmnf', 'l5jtfbfs']",1,1,0,0,0,1,1,1,1,,3,0,0,04odye62,,,,,0,1.0, https://app.prolific.com/submissions/complete?cc=C1AKEBMQ,s2_n,0,https://app.prolific.com/submissions/complete?cc=CMKI4JO9,0,https://app.prolific.com/submissions/complete?cc=CUN28996,10,1,0,4,https://app.prolific.com/submissions/complete?cc=CSD7X9S6,1,p50_p00_fullexperiment_20251016,0,0.0,"{'7vnaabdy': {'s2_n': -1}, '708f88gj': {'s2_n': -1}, 'ih7k9oha': {'s2_n': -1}, 'q53d4hev': {'s2_n': -1}, 't7vyxnr4': {'s2_n': -1}, 'r82af20r': {'s2_n': -1}, 'tp2122jz': {'s2_n': -1}, '4cqra1nu': {'s2_n': -1}, '90c1ebqk': {'s2_n': -1}, 'v7syvx1d': {'s2_n': -1}, 'myznkkrl': {'s2_n': -1}, 'pmsj3m0y': {'s2_n': -1}, '7dq83p5c': {'s2_n': -1}, 'l5jtfbfs': {'s2_n': -1}, 'dcmyqmnf': {'s2_n': -1}, 'f9p6511c': {'s2_n': -1}, 'jj776lrn': {'s2_n': 1}, '6viraraz': {'s2_n': 1}, 'vokbiu9j': {'s2_n': 1}, '3fiusojt': {'s2_n': 1}, 'kr4w2a1s': {'s2_n': -1}, 'uao3trmk': {'s2_n': -1}, 'd4g8nkle': {'s2_n': -1}, '7ls27rx2': {'s2_n': -1}}",,2,1,2,0,0,0,0,0,1,0,1,10,0,4,0,0,s2_n,1761075641.5920317,13,,0.0,13,0.0,1,,1,s2_n,0,1,34,Woman,Less than high school,Urban,1,4,5,-1,-1,1,1,1,,0,,1,1,1,1,1,1,1,13,1,1,1,1,1,1,1,1,1,2,,0.0,13,0.0,1,,,"['f9p6511c', 'dcmyqmnf', 'l5jtfbfs']",-1,1,0,1,1,1,option C,,Interview the family first,0,-1,"[-1, -1, -1]",1,13,13,1,5,13,1,N04,0,0,p50,,,0,1,1,1,1,1,2,,0.0,37,0.0,2,,,"['f9p6511c', 'dcmyqmnf', 'l5jtfbfs']",1,0,0,,,,,,Provide help with moving in,0,1,"[-1, 1, 1]",2,14,13,1,5,14,2,N04,0,0,p50,,,0,2,1,2,2,1,2,,0.0,61,0.0,3,,,"['f9p6511c', 'dcmyqmnf', 'l5jtfbfs']",0,-1,0,,,,,,Let the family move in,0,0,"[0, 0, 1]",3,15,13,1,5,15,3,N04,0,0,p50,"[0, -1, -1, -1]",-1,0,3,1,3,3,1,13,,0.0,13,0.0,1,,,1,1,13,1,1,1,1,1,1,1,1,1,13,,0.0,13,0.0,1,,This is a test feedback.,1,1,1,13,1,1,1,1,1,1,1,1,1
14,l5jtfbfs,,1,49,48,Pay,MyPage,2025-10-21 19:40:42.127236,1,,,0.0,1,1,3,1,,0,,"[{'Topic': 'Immigrants', 'Scenario_no': '1b', 'code': 's2_n', 'Title': 'The New Family in the Neighborhood', 'PoliticalFrame': 'non-political', 'Text': ""A new family wants to move into one of the houses in the neighborhood. Some neighbors are saying that it's good to have new members in the community and even help them to move in. Others, however, are concerned because adding yet another family might overwhelm the community services so they suggest interviewing the family before allowing them to move in. Some say that we can let them move in but not go the extra step to help them move."", 'Against': 'Interview the family first', 'Neutral': 'Let the family move in', 'For': 'Provide help with moving in'}]",{'s2_n': -1},1761075585.3912537,0,1,0,"Thanks for participating! Since you completed the entire study, you will receive the bonus payment.",,N04,0,s2_n,1,,"['f9p6511c', '7dq83p5c', 'dcmyqmnf']",[],"['f9p6511c', '7dq83p5c', 'dcmyqmnf']",1,1,0,0,0,1,0,1,1,,3,0,0,04odye62,,,,,0,1.0, https://app.prolific.com/submissions/complete?cc=C1AKEBMQ,s2_n,0,https://app.prolific.com/submissions/complete?cc=CMKI4JO9,0,https://app.prolific.com/submissions/complete?cc=CUN28996,10,1,0,4,https://app.prolific.com/submissions/complete?cc=CSD7X9S6,1,p50_p00_fullexperiment_20251016,0,0.0,"{'7vnaabdy': {'s2_n': -1}, '708f88gj': {'s2_n': -1}, 'ih7k9oha': {'s2_n': -1}, 'q53d4hev': {'s2_n': -1}, 't7vyxnr4': {'s2_n': -1}, 'r82af20r': {'s2_n': -1}, 'tp2122jz': {'s2_n': -1}, '4cqra1nu': {'s2_n': -1}, '90c1ebqk': {'s2_n': -1}, 'v7syvx1d': {'s2_n': -1}, 'myznkkrl': {'s2_n': -1}, 'pmsj3m0y': {'s2_n': -1}, '7dq83p5c': {'s2_n': -1}, 'l5jtfbfs': {'s2_n': -1}, 'dcmyqmnf': {'s2_n': -1}, 'f9p6511c': {'s2_n': -1}, 'jj776lrn': {'s2_n': 1}, '6viraraz': {'s2_n': 1}, 'vokbiu9j': {'s2_n': 1}, '3fiusojt': {'s2_n': 1}, 'kr4w2a1s': {'s2_n': -1}, 'uao3trmk': {'s2_n': -1}, 'd4g8nkle': {'s2_n': -1}, '7ls27rx2': {'s2_n': -1}}",,2,1,2,0,0,0,0,0,1,0,1,10,0,4,0,0,s2_n,1761075641.5920317,14,,0.0,14,0.0,1,,1,s2_n,0,1,34,Woman,Less than high school,Urban,1,4,5,-1,-1,1,1,1,,0,,1,1,1,1,1,1,1,14,1,1,1,1,1,1,1,1,1,4,,0.0,14,0.0,1,,,"['f9p6511c', '7dq83p5c', 'dcmyqmnf']",-1,1,0,1,1,1,option C,,Interview the family first,0,-1,"[-1, -1, -1]",1,13,14,1,5,13,1,N04,0,0,p50,,,0,1,1,1,1,1,4,,0.0,38,0.0,2,,,"['f9p6511c', '7dq83p5c', 'dcmyqmnf']",1,1,0,,,,,,Provide help with moving in,0,1,"[-1, 1, 1]",2,14,14,1,5,14,2,N04,0,0,p50,,,0,2,1,2,2,1,4,,0.0,62,0.0,3,,,"['f9p6511c', '7dq83p5c', 'dcmyqmnf']",1,-1,0,,,,,,Provide help with moving in,0,0,"[0, 0, 0]",3,15,14,1,5,15,3,N04,0,0,p50,"[0, -1, -1, -1]",-1,0,3,1,3,3,1,14,,0.0,14,0.0,1,,,1,1,14,1,1,1,1,1,1,1,1,1,14,,0.0,14,0.0,1,,This is a test feedback.,1,1,1,14,1,1,1,1,1,1,1,1,1
15,dcmyqmnf,,1,49,48,Pay,MyPage,2025-10-21 19:40:42.135234,1,,,0.0,1,1,3,1,,0,,"[{'Topic': 'Immigrants', 'Scenario_no': '1b', 'code': 's2_n', 'Title': 'The New Family in the Neighborhood', 'PoliticalFrame': 'non-political', 'Text': ""A new family wants to move into one of the houses in the neighborhood. Some neighbors are saying that it's good to have new members in the community and even help them to move in. Others, however, are concerned because adding yet another family might overwhelm the community services so they suggest interviewing the family before allowing them to move in. Some say that we can let them move in but not go the extra step to help them move."", 'Against': 'Interview the family first', 'Neutral': 'Let the family move in', 'For': 'Provide help with moving in'}]",{'s2_n': -1},1761075585.4333572,0,1,0,"Thanks for participating! Since you completed the entire study, you will receive the bonus payment.",,N04,0,s2_n,1,,"['f9p6511c', '7dq83p5c', 'l5jtfbfs']",[],"['f9p6511c', '7dq83p5c', 'l5jtfbfs']",1,1,0,0,0,1,0,1,1,,3,0,0,04odye62,,,,,0,1.0, https://app.prolific.com/submissions/complete?cc=C1AKEBMQ,s2_n,0,https://app.prolific.com/submissions/complete?cc=CMKI4JO9,0,https://app.prolific.com/submissions/complete?cc=CUN28996,10,1,0,4,https://app.prolific.com/submissions/complete?cc=CSD7X9S6,1,p50_p00_fullexperiment_20251016,0,0.0,"{'7vnaabdy': {'s2_n': -1}, '708f88gj': {'s2_n': -1}, 'ih7k9oha': {'s2_n': -1}, 'q53d4hev': {'s2_n': -1}, 't7vyxnr4': {'s2_n': -1}, 'r82af20r': {'s2_n': -1}, 'tp2122jz': {'s2_n': -1}, '4cqra1nu': {'s2_n': -1}, '90c1ebqk': {'s2_n': -1}, 'v7syvx1d': {'s2_n': -1}, 'myznkkrl': {'s2_n': -1}, 'pmsj3m0y': {'s2_n': -1}, '7dq83p5c': {'s2_n': -1}, 'l5jtfbfs': {'s2_n': -1}, 'dcmyqmnf': {'s2_n': -1}, 'f9p6511c': {'s2_n': -1}, 'jj776lrn': {'s2_n': 1}, '6viraraz': {'s2_n': 1}, 'vokbiu9j': {'s2_n': 1}, '3fiusojt': {'s2_n': 1}, 'kr4w2a1s': {'s2_n': -1}, 'uao3trmk': {'s2_n': -1}, 'd4g8nkle': {'s2_n': -1}, '7ls27rx2': {'s2_n': -1}}",,2,1,2,0,0,0,0,0,1,0,1,10,0,4,0,0,s2_n,1761075641.5920317,15,,0.0,15,0.0,1,,1,s2_n,0,1,34,Woman,Less than high school,Urban,1,4,5,-1,-1,1,1,1,,0,,1,1,1,1,1,1,1,15,1,1,1,1,1,1,1,1,1,3,,0.0,15,0.0,1,,,"['f9p6511c', '7dq83p5c', 'l5jtfbfs']",-1,1,0,1,1,1,option C,,Interview the family first,0,-1,"[-1, -1, -1]",1,13,15,1,5,13,1,N04,0,0,p50,,,0,1,1,1,1,1,3,,0.0,39,0.0,2,,,"['f9p6511c', '7dq83p5c', 'l5jtfbfs']",1,0,0,,,,,,Provide help with moving in,0,1,"[-1, 1, 1]",2,14,15,1,5,14,2,N04,0,0,p50,,,0,2,1,2,2,1,3,,0.0,63,0.0,3,,,"['f9p6511c', '7dq83p5c', 'l5jtfbfs']",0,-1,0,,,,,,Let the family move in,0,0,"[0, 0, 1]",3,15,15,1,5,15,3,N04,0,0,p50,"[0, -1, -1, -1]",-1,0,3,1,3,3,1,15,,0.0,15,0.0,1,,,1,1,15,1,1,1,1,1,1,1,1,1,15,,0.0,15,0.0,1,,This is a test feedback.,1,1,1,15,1,1,1,1,1,1,1,1,1
16,f9p6511c,,1,49,48,Pay,MyPage,2025-10-21 19:40:42.142243,1,,,0.0,1,1,3,1,,0,,"[{'Topic': 'Immigrants', 'Scenario_no': '1b', 'code': 's2_n', 'Title': 'The New Family in the Neighborhood', 'PoliticalFrame': 'non-political', 'Text': ""A new family wants to move into one of the houses in the neighborhood. Some neighbors are saying that it's good to have new members in the community and even help them to move in. Others, however, are concerned because adding yet another family might overwhelm the community services so they suggest interviewing the family before allowing them to move in. Some say that we can let them move in but not go the extra step to help them move."", 'Against': 'Interview the family first', 'Neutral': 'Let the family move in', 'For': 'Provide help with moving in'}]",{'s2_n': -1},1761075585.4835293,0,1,0,"Thanks for participating! Since you completed the entire study, you will receive the bonus payment.",,N04,0,s2_n,0,,"['7dq83p5c', 'dcmyqmnf', 'l5jtfbfs']",[],"['7dq83p5c', 'dcmyqmnf', 'l5jtfbfs']",1,1,0,0,0,1,1,1,1,,3,0,0,04odye62,,,,,0,1.0, https://app.prolific.com/submissions/complete?cc=C1AKEBMQ,s2_n,0,https://app.prolific.com/submissions/complete?cc=CMKI4JO9,0,https://app.prolific.com/submissions/complete?cc=CUN28996,10,1,0,4,https://app.prolific.com/submissions/complete?cc=CSD7X9S6,1,p50_p00_fullexperiment_20251016,0,0.0,"{'7vnaabdy': {'s2_n': -1}, '708f88gj': {'s2_n': -1}, 'ih7k9oha': {'s2_n': -1}, 'q53d4hev': {'s2_n': -1}, 't7vyxnr4': {'s2_n': -1}, 'r82af20r': {'s2_n': -1}, 'tp2122jz': {'s2_n': -1}, '4cqra1nu': {'s2_n': -1}, '90c1ebqk': {'s2_n': -1}, 'v7syvx1d': {'s2_n': -1}, 'myznkkrl': {'s2_n': -1}, 'pmsj3m0y': {'s2_n': -1}, '7dq83p5c': {'s2_n': -1}, 'l5jtfbfs': {'s2_n': -1}, 'dcmyqmnf': {'s2_n': -1}, 'f9p6511c': {'s2_n': -1}, 'jj776lrn': {'s2_n': 1}, '6viraraz': {'s2_n': 1}, 'vokbiu9j': {'s2_n': 1}, '3fiusojt': {'s2_n': 1}, 'kr4w2a1s': {'s2_n': -1}, 'uao3trmk': {'s2_n': -1}, 'd4g8nkle': {'s2_n': -1}, '7ls27rx2': {'s2_n': -1}}",,2,1,2,0,0,0,0,0,1,0,1,10,0,4,0,0,s2_n,1761075641.5920317,16,,0.0,16,0.0,1,,1,s2_n,0,1,34,Woman,Less than high school,Urban,1,4,5,-1,-1,1,1,1,,0,,1,1,1,1,1,1,1,16,1,1,1,1,1,1,1,1,1,1,,0.0,16,0.0,1,,,"['7dq83p5c', 'dcmyqmnf', 'l5jtfbfs']",-1,-1,0,1,1,1,option C,,Interview the family first,0,-1,"[-1, -1, -1]",1,13,16,1,5,13,1,N04,0,0,p50,,,0,1,1,1,1,1,1,,0.0,40,0.0,2,,,"['7dq83p5c', 'dcmyqmnf', 'l5jtfbfs']",-1,0,0,,,,,,Interview the family first,0,1,"[1, 1, 1]",2,14,16,1,5,14,2,N04,0,0,p50,,,0,2,1,2,2,1,1,,0.0,64,0.0,3,,,"['7dq83p5c', 'dcmyqmnf', 'l5jtfbfs']",0,0,0,,,,,,Let the family move in,0,0,"[0, 0, 1]",3,15,16,1,5,15,3,N04,0,0,p50,"[0, -1, -1, -1]",-1,0,3,1,3,3,1,16,,0.0,16,0.0,1,,,1,1,16,1,1,1,1,1,1,1,1,1,16,,0.0,16,0.0,1,,This is a test feedback.,1,1,1,16,1,1,1,1,1,1,1,1,1
17,jj776lrn,,1,49,48,Pay,MyPage,2025-10-21 19:40:42.154663,1,,,0.0,1,1,3,1,,0,,"[{'Topic': 'Immigrants', 'Scenario_no': '1b', 'code': 's2_n', 'Title': 'The New Family in the Neighborhood', 'PoliticalFrame': 'non-political', 'Text': ""A new family wants to move into one of the houses in the neighborhood. Some neighbors are saying that it's good to have new members in the community and even help them to move in. Others, however, are concerned because adding yet another family might overwhelm the community services so they suggest interviewing the family before allowing them to move in. Some say that we can let them move in but not go the extra step to help them move."", 'Against': 'Interview the family first', 'Neutral': 'Let the family move in', 'For': 'Provide help with moving in'}]",{'s2_n': 1},1761075648.3200483,0,1,1,You were the only participant in your group and we could not find you other participants to join your group. You will receive your payment for waiting. Thanks for your time!,,single,1,s2_n,0,,,,,1,1,0,0,1,,0,,,,3,0,0,04odye62,,,,,0,1.0, https://app.prolific.com/submissions/complete?cc=C1AKEBMQ,s2_n,0,https://app.prolific.com/submissions/complete?cc=CMKI4JO9,0,https://app.prolific.com/submissions/complete?cc=CUN28996,10,1,0,4,https://app.prolific.com/submissions/complete?cc=CSD7X9S6,1,p50_p00_fullexperiment_20251016,0,0.0,"{'7vnaabdy': {'s2_n': -1}, '708f88gj': {'s2_n': -1}, 'ih7k9oha': {'s2_n': -1}, 'q53d4hev': {'s2_n': -1}, 't7vyxnr4': {'s2_n': -1}, 'r82af20r': {'s2_n': -1}, 'tp2122jz': {'s2_n': -1}, '4cqra1nu': {'s2_n': -1}, '90c1ebqk': {'s2_n': -1}, 'v7syvx1d': {'s2_n': -1}, 'myznkkrl': {'s2_n': -1}, 'pmsj3m0y': {'s2_n': -1}, '7dq83p5c': {'s2_n': -1}, 'l5jtfbfs': {'s2_n': -1}, 'dcmyqmnf': {'s2_n': -1}, 'f9p6511c': {'s2_n': -1}, 'jj776lrn': {'s2_n': 1}, '6viraraz': {'s2_n': 1}, 'vokbiu9j': {'s2_n': 1}, '3fiusojt': {'s2_n': 1}, 'kr4w2a1s': {'s2_n': -1}, 'uao3trmk': {'s2_n': -1}, 'd4g8nkle': {'s2_n': -1}, '7ls27rx2': {'s2_n': -1}}",,2,1,2,0,0,0,0,0,1,0,1,10,0,4,0,0,s2_n,1761075641.5920317,17,,0.0,17,0.0,1,,1,s2_n,0,1,34,Woman,Less than high school,Urban,1,4,5,1,-1,1,1,1,,0,,1,1,1,1,1,1,1,17,1,1,1,1,1,1,1,1,1,3,,0.0,17,0.0,1,,,,,,0,,,,,,,1,,,1,16,17,1,6,16,1,single,1,,,,,1,1,1,1,1,1,3,,0.0,41,0.0,2,,,,,,0,,,,,,,0,,,2,17,17,1,6,17,2,single,,,,,,0,2,1,2,2,1,3,,0.0,65,0.0,3,,,,,,0,,,,,,,0,,,3,18,17,1,6,18,3,single,,,,,,0,3,1,3,3,1,17,,0.0,17,0.0,1,,,1,1,17,1,1,1,1,1,1,1,1,1,17,,0.0,17,0.0,1,,This is a test feedback.,1,1,1,17,1,1,1,1,1,1,1,1,1
18,6viraraz,,1,49,48,Pay,MyPage,2025-10-21 19:40:42.157894,1,,,0.0,1,1,3,1,,0,,"[{'Topic': 'Immigrants', 'Scenario_no': '1b', 'code': 's2_n', 'Title': 'The New Family in the Neighborhood', 'PoliticalFrame': 'non-political', 'Text': ""A new family wants to move into one of the houses in the neighborhood. Some neighbors are saying that it's good to have new members in the community and even help them to move in. Others, however, are concerned because adding yet another family might overwhelm the community services so they suggest interviewing the family before allowing them to move in. Some say that we can let them move in but not go the extra step to help them move."", 'Against': 'Interview the family first', 'Neutral': 'Let the family move in', 'For': 'Provide help with moving in'}]",{'s2_n': 1},1761075648.3684146,0,1,1,You were the only participant in your group and we could not find you other participants to join your group. You will receive your payment for waiting. Thanks for your time!,,single,1,s2_n,0,,,,,1,1,0,0,1,,0,,,,3,0,0,04odye62,,,,,0,1.0, https://app.prolific.com/submissions/complete?cc=C1AKEBMQ,s2_n,0,https://app.prolific.com/submissions/complete?cc=CMKI4JO9,0,https://app.prolific.com/submissions/complete?cc=CUN28996,10,1,0,4,https://app.prolific.com/submissions/complete?cc=CSD7X9S6,1,p50_p00_fullexperiment_20251016,0,0.0,"{'7vnaabdy': {'s2_n': -1}, '708f88gj': {'s2_n': -1}, 'ih7k9oha': {'s2_n': -1}, 'q53d4hev': {'s2_n': -1}, 't7vyxnr4': {'s2_n': -1}, 'r82af20r': {'s2_n': -1}, 'tp2122jz': {'s2_n': -1}, '4cqra1nu': {'s2_n': -1}, '90c1ebqk': {'s2_n': -1}, 'v7syvx1d': {'s2_n': -1}, 'myznkkrl': {'s2_n': -1}, 'pmsj3m0y': {'s2_n': -1}, '7dq83p5c': {'s2_n': -1}, 'l5jtfbfs': {'s2_n': -1}, 'dcmyqmnf': {'s2_n': -1}, 'f9p6511c': {'s2_n': -1}, 'jj776lrn': {'s2_n': 1}, '6viraraz': {'s2_n': 1}, 'vokbiu9j': {'s2_n': 1}, '3fiusojt': {'s2_n': 1}, 'kr4w2a1s': {'s2_n': -1}, 'uao3trmk': {'s2_n': -1}, 'd4g8nkle': {'s2_n': -1}, '7ls27rx2': {'s2_n': -1}}",,2,1,2,0,0,0,0,0,1,0,1,10,0,4,0,0,s2_n,1761075641.5920317,18,,0.0,18,0.0,1,,1,s2_n,0,1,34,Woman,Less than high school,Urban,1,4,5,1,-1,1,1,1,,0,,1,1,1,1,1,1,1,18,1,1,1,1,1,1,1,1,1,2,,0.0,18,0.0,1,,,,,,0,,,,,,,1,,,1,16,18,1,6,16,1,single,1,,,,,1,1,1,1,1,1,2,,0.0,42,0.0,2,,,,,,0,,,,,,,0,,,2,17,18,1,6,17,2,single,,,,,,0,2,1,2,2,1,2,,0.0,66,0.0,3,,,,,,0,,,,,,,0,,,3,18,18,1,6,18,3,single,,,,,,0,3,1,3,3,1,18,,0.0,18,0.0,1,,,1,1,18,1,1,1,1,1,1,1,1,1,18,,0.0,18,0.0,1,,This is a test feedback.,1,1,1,18,1,1,1,1,1,1,1,1,1
19,vokbiu9j,,1,49,48,Pay,MyPage,2025-10-21 19:40:42.173787,1,,,0.0,1,1,3,1,,0,,"[{'Topic': 'Immigrants', 'Scenario_no': '1b', 'code': 's2_n', 'Title': 'The New Family in the Neighborhood', 'PoliticalFrame': 'non-political', 'Text': ""A new family wants to move into one of the houses in the neighborhood. Some neighbors are saying that it's good to have new members in the community and even help them to move in. Others, however, are concerned because adding yet another family might overwhelm the community services so they suggest interviewing the family before allowing them to move in. Some say that we can let them move in but not go the extra step to help them move."", 'Against': 'Interview the family first', 'Neutral': 'Let the family move in', 'For': 'Provide help with moving in'}]",{'s2_n': 1},1761075648.4162037,0,1,1,You were the only participant in your group and we could not find you other participants to join your group. You will receive your payment for waiting. Thanks for your time!,,single,1,s2_n,0,,,,,1,1,0,0,1,,0,,,,3,0,0,04odye62,,,,,0,1.0, https://app.prolific.com/submissions/complete?cc=C1AKEBMQ,s2_n,0,https://app.prolific.com/submissions/complete?cc=CMKI4JO9,0,https://app.prolific.com/submissions/complete?cc=CUN28996,10,1,0,4,https://app.prolific.com/submissions/complete?cc=CSD7X9S6,1,p50_p00_fullexperiment_20251016,0,0.0,"{'7vnaabdy': {'s2_n': -1}, '708f88gj': {'s2_n': -1}, 'ih7k9oha': {'s2_n': -1}, 'q53d4hev': {'s2_n': -1}, 't7vyxnr4': {'s2_n': -1}, 'r82af20r': {'s2_n': -1}, 'tp2122jz': {'s2_n': -1}, '4cqra1nu': {'s2_n': -1}, '90c1ebqk': {'s2_n': -1}, 'v7syvx1d': {'s2_n': -1}, 'myznkkrl': {'s2_n': -1}, 'pmsj3m0y': {'s2_n': -1}, '7dq83p5c': {'s2_n': -1}, 'l5jtfbfs': {'s2_n': -1}, 'dcmyqmnf': {'s2_n': -1}, 'f9p6511c': {'s2_n': -1}, 'jj776lrn': {'s2_n': 1}, '6viraraz': {'s2_n': 1}, 'vokbiu9j': {'s2_n': 1}, '3fiusojt': {'s2_n': 1}, 'kr4w2a1s': {'s2_n': -1}, 'uao3trmk': {'s2_n': -1}, 'd4g8nkle': {'s2_n': -1}, '7ls27rx2': {'s2_n': -1}}",,2,1,2,0,0,0,0,0,1,0,1,10,0,4,0,0,s2_n,1761075641.5920317,19,,0.0,19,0.0,1,,1,s2_n,0,1,34,Woman,Less than high school,Urban,1,4,5,1,-1,1,1,1,,0,,1,1,1,1,1,1,1,19,1,1,1,1,1,1,1,1,1,4,,0.0,19,0.0,1,,,,,,0,,,,,,,1,,,1,16,19,1,6,16,1,single,1,,,,,1,1,1,1,1,1,4,,0.0,43,0.0,2,,,,,,0,,,,,,,0,,,2,17,19,1,6,17,2,single,,,,,,0,2,1,2,2,1,4,,0.0,67,0.0,3,,,,,,0,,,,,,,0,,,3,18,19,1,6,18,3,single,,,,,,0,3,1,3,3,1,19,,0.0,19,0.0,1,,,1,1,19,1,1,1,1,1,1,1,1,1,19,,0.0,19,0.0,1,,This is a test feedback.,1,1,1,19,1,1,1,1,1,1,1,1,1
20,3fiusojt,,1,49,48,Pay,MyPage,2025-10-21 19:40:42.192728,1,,,0.0,1,1,3,1,,0,,"[{'Topic': 'Immigrants', 'Scenario_no': '1b', 'code': 's2_n', 'Title': 'The New Family in the Neighborhood', 'PoliticalFrame': 'non-political', 'Text': ""A new family wants to move into one of the houses in the neighborhood. Some neighbors are saying that it's good to have new members in the community and even help them to move in. Others, however, are concerned because adding yet another family might overwhelm the community services so they suggest interviewing the family before allowing them to move in. Some say that we can let them move in but not go the extra step to help them move."", 'Against': 'Interview the family first', 'Neutral': 'Let the family move in', 'For': 'Provide help with moving in'}]",{'s2_n': 1},1761075648.4391246,0,1,1,You were the only participant in your group and we could not find you other participants to join your group. You will receive your payment for waiting. Thanks for your time!,,single,1,s2_n,0,,,,,1,1,0,0,1,,0,,,,3,0,0,04odye62,,,,,0,1.0, https://app.prolific.com/submissions/complete?cc=C1AKEBMQ,s2_n,0,https://app.prolific.com/submissions/complete?cc=CMKI4JO9,0,https://app.prolific.com/submissions/complete?cc=CUN28996,10,1,0,4,https://app.prolific.com/submissions/complete?cc=CSD7X9S6,1,p50_p00_fullexperiment_20251016,0,0.0,"{'7vnaabdy': {'s2_n': -1}, '708f88gj': {'s2_n': -1}, 'ih7k9oha': {'s2_n': -1}, 'q53d4hev': {'s2_n': -1}, 't7vyxnr4': {'s2_n': -1}, 'r82af20r': {'s2_n': -1}, 'tp2122jz': {'s2_n': -1}, '4cqra1nu': {'s2_n': -1}, '90c1ebqk': {'s2_n': -1}, 'v7syvx1d': {'s2_n': -1}, 'myznkkrl': {'s2_n': -1}, 'pmsj3m0y': {'s2_n': -1}, '7dq83p5c': {'s2_n': -1}, 'l5jtfbfs': {'s2_n': -1}, 'dcmyqmnf': {'s2_n': -1}, 'f9p6511c': {'s2_n': -1}, 'jj776lrn': {'s2_n': 1}, '6viraraz': {'s2_n': 1}, 'vokbiu9j': {'s2_n': 1}, '3fiusojt': {'s2_n': 1}, 'kr4w2a1s': {'s2_n': -1}, 'uao3trmk': {'s2_n': -1}, 'd4g8nkle': {'s2_n': -1}, '7ls27rx2': {'s2_n': -1}}",,2,1,2,0,0,0,0,0,1,0,1,10,0,4,0,0,s2_n,1761075641.5920317,20,,0.0,20,0.0,1,,1,s2_n,0,1,34,Woman,Less than high school,Urban,1,4,5,1,-1,1,1,1,,0,,1,1,1,1,1,1,1,20,1,1,1,1,1,1,1,1,1,1,,0.0,20,0.0,1,,,,,,0,,,,,,,1,,,1,16,20,1,6,16,1,single,1,,,,,1,1,1,1,1,1,1,,0.0,44,0.0,2,,,,,,0,,,,,,,0,,,2,17,20,1,6,17,2,single,,,,,,0,2,1,2,2,1,1,,0.0,68,0.0,3,,,,,,0,,,,,,,0,,,3,18,20,1,6,18,3,single,,,,,,0,3,1,3,3,1,20,,0.0,20,0.0,1,,,1,1,20,1,1,1,1,1,1,1,1,1,20,,0.0,20,0.0,1,,This is a test feedback.,1,1,1,20,1,1,1,1,1,1,1,1,1
21,kr4w2a1s,,1,49,48,Pay,MyPage,2025-10-21 19:40:42.209225,1,,,0.0,1,1,3,1,,0,,"[{'Topic': 'Immigrants', 'Scenario_no': '1b', 'code': 's2_n', 'Title': 'The New Family in the Neighborhood', 'PoliticalFrame': 'non-political', 'Text': ""A new family wants to move into one of the houses in the neighborhood. Some neighbors are saying that it's good to have new members in the community and even help them to move in. Others, however, are concerned because adding yet another family might overwhelm the community services so they suggest interviewing the family before allowing them to move in. Some say that we can let them move in but not go the extra step to help them move."", 'Against': 'Interview the family first', 'Neutral': 'Let the family move in', 'For': 'Provide help with moving in'}]",{'s2_n': -1},1761075586.6166856,0,1,0,"Thanks for participating! Since you completed the entire study, you will receive the bonus payment.",,N04,0,s2_n,0,,"['7ls27rx2', 'uao3trmk', 'd4g8nkle']",[],"['7ls27rx2', 'uao3trmk', 'd4g8nkle']",1,1,0,0,0,1,1,1,1,,3,0,0,04odye62,,,,,0,1.0, https://app.prolific.com/submissions/complete?cc=C1AKEBMQ,s2_n,0,https://app.prolific.com/submissions/complete?cc=CMKI4JO9,0,https://app.prolific.com/submissions/complete?cc=CUN28996,10,1,0,4,https://app.prolific.com/submissions/complete?cc=CSD7X9S6,1,p50_p00_fullexperiment_20251016,0,0.0,"{'7vnaabdy': {'s2_n': -1}, '708f88gj': {'s2_n': -1}, 'ih7k9oha': {'s2_n': -1}, 'q53d4hev': {'s2_n': -1}, 't7vyxnr4': {'s2_n': -1}, 'r82af20r': {'s2_n': -1}, 'tp2122jz': {'s2_n': -1}, '4cqra1nu': {'s2_n': -1}, '90c1ebqk': {'s2_n': -1}, 'v7syvx1d': {'s2_n': -1}, 'myznkkrl': {'s2_n': -1}, 'pmsj3m0y': {'s2_n': -1}, '7dq83p5c': {'s2_n': -1}, 'l5jtfbfs': {'s2_n': -1}, 'dcmyqmnf': {'s2_n': -1}, 'f9p6511c': {'s2_n': -1}, 'jj776lrn': {'s2_n': 1}, '6viraraz': {'s2_n': 1}, 'vokbiu9j': {'s2_n': 1}, '3fiusojt': {'s2_n': 1}, 'kr4w2a1s': {'s2_n': -1}, 'uao3trmk': {'s2_n': -1}, 'd4g8nkle': {'s2_n': -1}, '7ls27rx2': {'s2_n': -1}}",,2,1,2,0,0,0,0,0,1,0,1,10,0,4,0,0,s2_n,1761075641.5920317,21,,0.0,21,0.0,1,,1,s2_n,0,1,34,Woman,Less than high school,Urban,1,4,5,-1,-1,1,1,1,,0,,1,1,1,1,1,1,1,21,1,1,1,1,1,1,1,1,1,1,,0.0,21,0.0,1,,,"['7ls27rx2', 'uao3trmk', 'd4g8nkle']",-1,-1,0,1,1,1,option C,,Interview the family first,0,-1,"[-1, -1, -1]",1,19,21,1,7,19,1,N04,0,0,p00,,,0,1,1,1,1,1,1,,0.0,45,0.0,2,,,"['7ls27rx2', 'uao3trmk', 'd4g8nkle']",-1,-1,0,,,,,,Interview the family first,0,-1,"[-1, 1, -1]",2,20,21,1,7,20,2,N04,0,0,p00,,,0,2,1,2,2,1,1,,0.0,69,0.0,3,,,"['7ls27rx2', 'uao3trmk', 'd4g8nkle']",-1,0,0,,,,,,Interview the family first,0,99,"[1, -1, 0]",3,21,21,1,7,21,3,N04,0,0,p00,"[0, -1, -1, 1]",-1,0,3,1,3,3,1,21,,0.0,21,0.0,1,,,1,1,21,1,1,1,1,1,1,1,1,1,21,,0.0,21,0.0,1,,This is a test feedback.,1,1,1,21,1,1,1,1,1,1,1,1,1
22,uao3trmk,,1,49,48,Pay,MyPage,2025-10-21 19:40:42.220872,1,,,0.0,1,1,3,1,,0,,"[{'Topic': 'Immigrants', 'Scenario_no': '1b', 'code': 's2_n', 'Title': 'The New Family in the Neighborhood', 'PoliticalFrame': 'non-political', 'Text': ""A new family wants to move into one of the houses in the neighborhood. Some neighbors are saying that it's good to have new members in the community and even help them to move in. Others, however, are concerned because adding yet another family might overwhelm the community services so they suggest interviewing the family before allowing them to move in. Some say that we can let them move in but not go the extra step to help them move."", 'Against': 'Interview the family first', 'Neutral': 'Let the family move in', 'For': 'Provide help with moving in'}]",{'s2_n': -1},1761075585.941935,0,1,0,"Thanks for participating! Since you completed the entire study, you will receive the bonus payment.",,N04,0,s2_n,0,,"['kr4w2a1s', '7ls27rx2', 'd4g8nkle']",[],"['kr4w2a1s', '7ls27rx2', 'd4g8nkle']",1,1,0,0,0,1,1,1,1,,3,0,0,04odye62,,,,,0,1.0, https://app.prolific.com/submissions/complete?cc=C1AKEBMQ,s2_n,0,https://app.prolific.com/submissions/complete?cc=CMKI4JO9,0,https://app.prolific.com/submissions/complete?cc=CUN28996,10,1,0,4,https://app.prolific.com/submissions/complete?cc=CSD7X9S6,1,p50_p00_fullexperiment_20251016,0,0.0,"{'7vnaabdy': {'s2_n': -1}, '708f88gj': {'s2_n': -1}, 'ih7k9oha': {'s2_n': -1}, 'q53d4hev': {'s2_n': -1}, 't7vyxnr4': {'s2_n': -1}, 'r82af20r': {'s2_n': -1}, 'tp2122jz': {'s2_n': -1}, '4cqra1nu': {'s2_n': -1}, '90c1ebqk': {'s2_n': -1}, 'v7syvx1d': {'s2_n': -1}, 'myznkkrl': {'s2_n': -1}, 'pmsj3m0y': {'s2_n': -1}, '7dq83p5c': {'s2_n': -1}, 'l5jtfbfs': {'s2_n': -1}, 'dcmyqmnf': {'s2_n': -1}, 'f9p6511c': {'s2_n': -1}, 'jj776lrn': {'s2_n': 1}, '6viraraz': {'s2_n': 1}, 'vokbiu9j': {'s2_n': 1}, '3fiusojt': {'s2_n': 1}, 'kr4w2a1s': {'s2_n': -1}, 'uao3trmk': {'s2_n': -1}, 'd4g8nkle': {'s2_n': -1}, '7ls27rx2': {'s2_n': -1}}",,2,1,2,0,0,0,0,0,1,0,1,10,0,4,0,0,s2_n,1761075641.5920317,22,,0.0,22,0.0,1,,1,s2_n,0,1,34,Woman,Less than high school,Urban,1,4,5,-1,-1,1,1,1,,0,,1,1,1,1,1,1,1,22,1,1,1,1,1,1,1,1,1,3,,0.0,22,0.0,1,,,"['kr4w2a1s', '7ls27rx2', 'd4g8nkle']",-1,1,0,1,1,1,option C,,Interview the family first,0,-1,"[-1, -1, -1]",1,19,22,1,7,19,1,N04,0,0,p00,,,0,1,1,1,1,1,3,,0.0,46,0.0,2,,,"['kr4w2a1s', '7ls27rx2', 'd4g8nkle']",1,-1,0,,,,,,Provide help with moving in,0,-1,"[-1, -1, -1]",2,20,22,1,7,20,2,N04,0,0,p00,,,0,2,1,2,2,1,3,,0.0,70,0.0,3,,,"['kr4w2a1s', '7ls27rx2', 'd4g8nkle']",-1,-1,0,,,,,,Interview the family first,0,99,"[-1, 1, 0]",3,21,22,1,7,21,3,N04,0,0,p00,"[0, -1, -1, 1]",-1,0,3,1,3,3,1,22,,0.0,22,0.0,1,,,1,1,22,1,1,1,1,1,1,1,1,1,22,,0.0,22,0.0,1,,This is a test feedback.,1,1,1,22,1,1,1,1,1,1,1,1,1
23,d4g8nkle,,1,49,48,Pay,MyPage,2025-10-21 19:40:42.220872,1,,,0.0,1,1,3,1,,0,,"[{'Topic': 'Immigrants', 'Scenario_no': '1b', 'code': 's2_n', 'Title': 'The New Family in the Neighborhood', 'PoliticalFrame': 'non-political', 'Text': ""A new family wants to move into one of the houses in the neighborhood. Some neighbors are saying that it's good to have new members in the community and even help them to move in. Others, however, are concerned because adding yet another family might overwhelm the community services so they suggest interviewing the family before allowing them to move in. Some say that we can let them move in but not go the extra step to help them move."", 'Against': 'Interview the family first', 'Neutral': 'Let the family move in', 'For': 'Provide help with moving in'}]",{'s2_n': -1},1761075585.9884627,0,1,0,"Thanks for participating! Since you completed the entire study, you will receive the bonus payment.",,N04,0,s2_n,0,,"['kr4w2a1s', '7ls27rx2', 'uao3trmk']",[],"['kr4w2a1s', '7ls27rx2', 'uao3trmk']",1,1,0,0,0,1,1,1,1,,3,0,0,04odye62,,,,,0,1.0, https://app.prolific.com/submissions/complete?cc=C1AKEBMQ,s2_n,0,https://app.prolific.com/submissions/complete?cc=CMKI4JO9,0,https://app.prolific.com/submissions/complete?cc=CUN28996,10,1,0,4,https://app.prolific.com/submissions/complete?cc=CSD7X9S6,1,p50_p00_fullexperiment_20251016,0,0.0,"{'7vnaabdy': {'s2_n': -1}, '708f88gj': {'s2_n': -1}, 'ih7k9oha': {'s2_n': -1}, 'q53d4hev': {'s2_n': -1}, 't7vyxnr4': {'s2_n': -1}, 'r82af20r': {'s2_n': -1}, 'tp2122jz': {'s2_n': -1}, '4cqra1nu': {'s2_n': -1}, '90c1ebqk': {'s2_n': -1}, 'v7syvx1d': {'s2_n': -1}, 'myznkkrl': {'s2_n': -1}, 'pmsj3m0y': {'s2_n': -1}, '7dq83p5c': {'s2_n': -1}, 'l5jtfbfs': {'s2_n': -1}, 'dcmyqmnf': {'s2_n': -1}, 'f9p6511c': {'s2_n': -1}, 'jj776lrn': {'s2_n': 1}, '6viraraz': {'s2_n': 1}, 'vokbiu9j': {'s2_n': 1}, '3fiusojt': {'s2_n': 1}, 'kr4w2a1s': {'s2_n': -1}, 'uao3trmk': {'s2_n': -1}, 'd4g8nkle': {'s2_n': -1}, '7ls27rx2': {'s2_n': -1}}",,2,1,2,0,0,0,0,0,1,0,1,10,0,4,0,0,s2_n,1761075641.5920317,23,,0.0,23,0.0,1,,1,s2_n,0,1,34,Woman,Less than high school,Urban,1,4,5,-1,-1,1,1,1,,0,,1,1,1,1,1,1,1,23,1,1,1,1,1,1,1,1,1,4,,0.0,23,0.0,1,,,"['kr4w2a1s', '7ls27rx2', 'uao3trmk']",-1,-1,0,1,1,1,option C,,Interview the family first,0,-1,"[-1, -1, -1]",1,19,23,1,7,19,1,N04,0,0,p00,,,0,1,1,1,1,1,4,,0.0,47,0.0,2,,,"['kr4w2a1s', '7ls27rx2', 'uao3trmk']",-1,0,0,,,,,,Interview the family first,0,-1,"[-1, -1, 1]",2,20,23,1,7,20,2,N04,0,0,p00,,,0,2,1,2,2,1,4,,0.0,71,0.0,3,,,"['kr4w2a1s', '7ls27rx2', 'uao3trmk']",0,1,0,,,,,,Let the family move in,0,-1,"[-1, 1, -1]",3,21,23,1,7,21,3,N04,0,0,p00,"[0, -1, -1, 1]",-1,0,3,1,3,3,1,23,,0.0,23,0.0,1,,,1,1,23,1,1,1,1,1,1,1,1,1,23,,0.0,23,0.0,1,,This is a test feedback.,1,1,1,23,1,1,1,1,1,1,1,1,1
24,7ls27rx2,,1,49,48,Pay,MyPage,2025-10-21 19:40:42.243411,1,,,0.0,1,1,3,1,,0,,"[{'Topic': 'Immigrants', 'Scenario_no': '1b', 'code': 's2_n', 'Title': 'The New Family in the Neighborhood', 'PoliticalFrame': 'non-political', 'Text': ""A new family wants to move into one of the houses in the neighborhood. Some neighbors are saying that it's good to have new members in the community and even help them to move in. Others, however, are concerned because adding yet another family might overwhelm the community services so they suggest interviewing the family before allowing them to move in. Some say that we can let them move in but not go the extra step to help them move."", 'Against': 'Interview the family first', 'Neutral': 'Let the family move in', 'For': 'Provide help with moving in'}]",{'s2_n': -1},1761075586.034762,0,1,0,"Thanks for participating! Since you completed the entire study, you will receive the bonus payment.",,N04,0,s2_n,0,,"['kr4w2a1s', 'uao3trmk', 'd4g8nkle']",[],"['kr4w2a1s', 'uao3trmk', 'd4g8nkle']",1,1,0,0,0,1,1,1,1,,3,0,0,04odye62,,,,,0,1.0, https://app.prolific.com/submissions/complete?cc=C1AKEBMQ,s2_n,0,https://app.prolific.com/submissions/complete?cc=CMKI4JO9,0,https://app.prolific.com/submissions/complete?cc=CUN28996,10,1,0,4,https://app.prolific.com/submissions/complete?cc=CSD7X9S6,1,p50_p00_fullexperiment_20251016,0,0.0,"{'7vnaabdy': {'s2_n': -1}, '708f88gj': {'s2_n': -1}, 'ih7k9oha': {'s2_n': -1}, 'q53d4hev': {'s2_n': -1}, 't7vyxnr4': {'s2_n': -1}, 'r82af20r': {'s2_n': -1}, 'tp2122jz': {'s2_n': -1}, '4cqra1nu': {'s2_n': -1}, '90c1ebqk': {'s2_n': -1}, 'v7syvx1d': {'s2_n': -1}, 'myznkkrl': {'s2_n': -1}, 'pmsj3m0y': {'s2_n': -1}, '7dq83p5c': {'s2_n': -1}, 'l5jtfbfs': {'s2_n': -1}, 'dcmyqmnf': {'s2_n': -1}, 'f9p6511c': {'s2_n': -1}, 'jj776lrn': {'s2_n': 1}, '6viraraz': {'s2_n': 1}, 'vokbiu9j': {'s2_n': 1}, '3fiusojt': {'s2_n': 1}, 'kr4w2a1s': {'s2_n': -1}, 'uao3trmk': {'s2_n': -1}, 'd4g8nkle': {'s2_n': -1}, '7ls27rx2': {'s2_n': -1}}",,2,1,2,0,0,0,0,0,1,0,1,10,0,4,0,0,s2_n,1761075641.5920317,24,,0.0,24,0.0,1,,1,s2_n,0,1,34,Woman,Less than high school,Urban,1,4,5,-1,-1,1,1,1,,0,,1,1,1,1,1,1,1,24,1,1,1,1,1,1,1,1,1,2,,0.0,24,0.0,1,,,"['kr4w2a1s', 'uao3trmk', 'd4g8nkle']",-1,-1,0,1,1,1,option C,,Interview the family first,0,-1,"[-1, -1, -1]",1,19,24,1,7,19,1,N04,0,0,p00,,,0,1,1,1,1,1,2,,0.0,48,0.0,2,,,"['kr4w2a1s', 'uao3trmk', 'd4g8nkle']",-1,1,0,,,,,,Interview the family first,0,-1,"[-1, 1, -1]",2,20,24,1,7,20,2,N04,0,0,p00,,,0,2,1,2,2,1,2,,0.0,72,0.0,3,,,"['kr4w2a1s', 'uao3trmk', 'd4g8nkle']",1,-1,0,,,,,,Provide help with moving in,0,-1,"[-1, -1, 0]",3,21,24,1,7,21,3,N04,0,0,p00,"[0, -1, -1, 1]",-1,0,3,1,3,3,1,24,,0.0,24,0.0,1,,,1,1,24,1,1,1,1,1,1,1,1,1,24,,0.0,24,0.0,1,,This is a test feedback.,1,1,1,24,1,1,1,1,1,1,1,1,1
